:020000040800F2
:1000000048BB0020B9020008353300080927000862
:10001000313300082D1A0008DF53000800000000EB
:10002000000000000000000000000000893A000805
:10003000611D0008000000002D370008993D0008F0
:10004000D3020008D3020008D3020008D30200083C
:10005000D3020008D3020008D3020008D30200082C
:10006000D3020008D3020008D3020008D30200081C
:10007000D3020008D3020008D3020008D30200080C
:10008000D3020008D3020008D3020008D3020008FC
:10009000D3020008D3020008D3020008D3020008EC
:1000A000D3020008D3020008D3020008D3020008DC
:1000B000D3020008FD3D0008E13E0008D30200081D
:1000C000D3020008D3020008D3020008D3020008BC
:1000D000D302000891500008D3020008195100080B
:1000E000D3020008D3020008D3020008D30200089C
:1000F000D3020008D3020008D3020008D30200088C
:10010000D3020008A9380008D3020008D30200086F
:10011000D3020008D3020008D3020008D30200086B
:10012000D3020008D3020008D3020008D30200085B
:1001300000F002F800F0B0F80AA090E8000C824449
:100140008344AAF10107DA4501D100F0A5F8AFF226
:10015000090EBAE80F0013F0010F18BFFB1A43F0A5
:100160000103184748C2000068C200000A444FF06B
:10017000000C10F8013B13F0070408BF10F8014B06
:100180001D1108BF10F8015B641E05D010F8016B4B
:10019000641E01F8016BF9D113F0080F1EBF10F8AF
:1001A000014BAD1C0C1B09D16D1E58BF01F801CBD2
:1001B000FAD505E014F8016B01F8016B6D1EF9D555
:1001C0009142D6D37047000000230024002500266A
:1001D000103A28BF78C1FBD8520728BF30C148BFAA
:1001E0000B6070476E2900F04383702900F0858111
:1001F00066290AF0088365290AF0058367290AF051
:1002000002836129AFF3008003681B0A28BF41F015
:100210008001692900F0F680642900F0F3807529D7
:1002200000F0F0806F2900F03B84782900F05181C4
:10023000E92900F0D583E42900F0D283F52900F004
:10024000CF83EF2900F03884F82900F0508103684B
:10025000DB0928BF41F08001632900F04483732942
:1002600000F04983E32900F09186F32900F0968697
:10027000002070471FB500F0EBFE040000200021B5
:1002800009F05AFB401C60600020002109F03EFB91
:10029000E0601FBD10B510BD00F0ACFE1146FFF7C9
:1002A000E9FF08F063F800F085FF03B4FFF7F2FF01
:1002B00003BC05F0DAF80000094880470948004708
:1002C000FEE7FEE7FEE7FEE7FEE7FEE7FEE7FEE706
:1002D000FEE7FEE704480549054A064B7047000063
:1002E0009D3D00083101000848B5002048BB0020B2
:1002F00048B7002048B70020704700001CB50C46E6
:10030000064B7B4469460090204600F0CAFA04463A
:100310000020694600F0D8FA20461CBDC305000045
:100320000FB4044910B503AA029800F0E9FA10BC12
:100330005DF814FB1C0000200FB41CB5084B06AA86
:100340007B4469460090059800F0ABFA0446002013
:10035000694600F0B9FA20461CBC5DF814FB0000A9
:100360008505000070B5044685690068C10601D5A1
:10037000302600E02026C00707D070BDD4E9012157
:1003800030469047206A401C20626D1EF6D570BD35
:1003900070B5044685690078C00707D170BDD4E9FF
:1003A000012120209047206A401C20626D1EF6D556
:1003B00070BD70B50C460546012A05D02878800628
:1003C00000D5EA69002302E0012305E05B1C9342AB
:1003D00002D2E05C0028F9D1A869E618C01AA86129
:1003E000286A184428622846FFF7BCFF04E0D5E9D4
:1003F000012114F8010B9047B442F8D32846FFF7C7
:10040000C7FF70BD2DE9F04106460024106875292C
:10041000314616A510D000F0C0F9002802DA40429B
:1004200013A507E031688A0701D512A502E0490744
:1004300004D511A5012401E000F0B8F900210A2239
:1004400006F1240709E0B0FBF2FCB0FBF2F302FB7B
:100450001C00303078541846491C0028F3D123463C
:100460002A463046BDE8F04100F0A9B9000000007E
:100470002D0000002B00000020000000F0B40D460D
:100480000188090502D5214C7C4402E01F4C7C44C4
:100490000E34002100F1240608E002F00F071209D3
:1004A000E75D42EA03721B097754491C52EA0307CD
:1004B000F3D102780023120704D5702D06D009B1BC
:1004C000022311342246F0BC00F079B90123103424
:1004D000F8E770B504460D462146106800F066F94D
:1004E000024629462046BDE870400023C6E7D21DDB
:1004F00022F00703D3E90023C0E70368126843F042
:10050000200303600823C3610023B7E730BC000069
:100510002DE9F05F894604464FF0000ADFF874B118
:10052000FB44C0F820A02046E1688847002874D02A
:10053000252806D0D4E901219047206A401C20627A
:10054000F1E700265F462046E168884720280546F7
:1005500007DB312D05D2781910F8200C08B10643BD
:10056000F1E7B00701D526F00406C4F81CA0002767
:10057000C4F818A02A2D09D0284604F06FFF38B31C
:1005800004EB8708303DC8F8185019E059F8041BEF
:10059000204604EB87029161E1688847012F0546F8
:1005A00018D1E069002820DA26F020061DE0D8F8EE
:1005B000180000EB800005EB40003038C8F8180048
:1005C0002046E1688847054604F048FF0028EED140
:1005D000012F0AD02E2D08D12046E16888477F1CC4
:1005E0000546022F46F02006C4DBA069002803DA86
:1005F000404246F00106A061F00701D026F0100647
:100600006C2D0BD0682D09D04C2D39D06A2D35D0EA
:10061000742D35D07A2D33D016E038E0E1682F46BE
:1006200020468847B842054609D16C2F26D04FF4A2
:100630008060E168064320468847054604E06C2F49
:100640001AD04FF4807006430DB3A5F1410019286C
:1006500002D8203546F400664A46294620462660E0
:100660004E46FFF7BFFD80B101280BD0F61D26F0E6
:10067000070000F1080956E74020E4E78020D8E7AA
:100680000020D6E706F104094DE7284652E7206A24
:10069000BDE8F09FC0BB000030B505460B462A46BA
:1006A00013F8014B12F8010B08B1A042F8D01CB1AD
:1006B000002802D06D1CF1E7284630BD10B5431C60
:1006C00002E010F8011B71B18107FAD14FF001323D
:1006D00002C88C1A8C4314EAC211F9D0C01A0A0657
:1006E00003D0C01E10BDC01A10BD0A0401D0801E68
:1006F00010BD0902FCD0401E10BD00004FF0013CAF
:1007000050F8042B51F8043B9A4221D1A2EB0C0380
:10071000934313EACC1317D150F8042B51F8043B40
:100720009A4215D1A2EB0C03934313EACC130BD1DD
:1007300050F8042B51F8043B9A4209D1A2EB0C0368
:10074000934313EACC13DBD04FF00000704700BF97
:10075000D01A01BAB1FA81F101F0180122FA01F0C0
:10076000CB40C1F12001DBB2C0B2C01A2CFA01F3B8
:10077000D11A914311EAC311E6D17047704770470F
:100780007047704710B500F0A1F9006810BD10B5B2
:10079000044600F09BF9046010BD09684A0501D5C4
:1007A00040B27047C905FCD500B2704709684A05D8
:1007B00001D5C0B27047C905FCD580B270472DE99C
:1007C000F0470D4699469246044600F12408016818
:1007D000880604D5E06921F01001216000E00120C5
:1007E000A84201DD471B00E00027A1697A1902EB4E
:1007F0000900081AA0612078C00602D42046FFF73D
:10080000B1FD002608E0D4E901211AF8060090475E
:10081000206A401C761C20624E45F4DB2078C0061E
:100820000AD52046FFF79EFD06E0D4E901213020DD
:100830009047206A401C2062381EA7F10107F4DCB3
:1008400007E0D4E9012118F805009047206A401C10
:100850002062281EA5F10105F3DC2046FFF798FD74
:100860002078000602D50220BDE8F0870120FBE7D2
:1008700011680268006A530501D508700AE0D305C3
:1008800001D5088006E0130603D5C217C1E90002AE
:1008900000E008600120704701694A1C0261087885
:1008A000704700B58FB0CDE90131002105910549B0
:1008B0007944CDE9031011466846FFF729FE0FB0D1
:1008C00000BD0000E5FFFFFF0A6802F8010B0A60A7
:1008D000704710B5436913B1AFF3008001E0FFF733
:1008E00068FD012010BD127800F124010A70002279
:1008F0004A700122EDE711684FF0FF32E9E700008E
:10090000074B70B50D467B44FFF7CBFF04462846E6
:1009100000F048FB10B14FF0FF3070BD204670BDB5
:10092000477A00002DE9FF5F15468A460446DFF846
:10093000AC80F8440027D8E900103E46CDE900100D
:1009400010E03AF816106A4602A800F02FFB411C8E
:1009500007D02178890603D5E269391891420DD86C
:100960000744761C2078800602D5E069B84205DD90
:10097000AE42E6DB3AF816000028E2D1A069C01BBF
:10098000A0612046FFF7EEFCD8E90010CDE9001089
:10099000002017E03AF818106A4602A800F006FB9B
:1009A000B0F1FF3F81460BD000250DF1080B05E0AB
:1009B000D4E901211BF8050090476D1C4D45F7D384
:1009C00008F10100B0428046E4DB206A384420622E
:1009D0002046FFF7DDFCBDE8FF9F0000C2B7000026
:1009E0002DE9F0418046D21D22F007020025D2E910
:1009F0000002F52915A614D0011E72F1000106DAD5
:100A00000023D0EB030063EB020211A608E0D8F844
:100A100000108B0701D50FA602E0490701D50EA6ED
:100A200001251146002408F1240704E000F052F8E3
:100A300030323A55641C50EA0102F7D12B46324657
:100A400021464046BDE8F041FFF7B9BE0000000076
:100A50002D0000002B0000002000000030B4002119
:100A600000F1240408E002F00705D208303542EA1C
:100A70004372DB086554491C52EA0305F3D104684C
:100A8000002310A2250708D504F020040C4304D04D
:100A9000C46901230CA2641EC46130BCFFF78FBE81
:100AA00010B5044621461068FFF780FE0246204636
:100AB000BDE810400023D1E7D21D22F00701D1E9A3
:100AC0000023CBE700000000300000000048704722
:100AD000E4B4002030B5B0F10A024FEA900E71F193
:100AE00000034EEA817EB0EB0E0061EB91014FEA0C
:100AF000101E4EEA017E10EB0E0041EB11114FEA81
:100B0000102E4EEA016E10EB0E0041EB11214FEA60
:100B1000104E4EEA014E10EB0E0041EB1141401811
:100B200041F100014FEAD00040EA41704FEAD101A3
:100B300010EB80054FEA810444EA907444EB010411
:100B40006D1944EB0404521BA3414FF0000348BF4E
:100B50000A3200D530BD401C41F1000130BD704764
:100B60002DE9FF4F0C461E464FF0FF378BB0D2E900
:100B70000001DDF860800A908A46C1F30A5505B984
:100B80003D46002108464FF00000BAF1000F00F486
:100B9000400005DA00EB80004FF4400101EA50000C
:100BA0004FEA9059B9F1010F00DDB9460A9850EAB1
:100BB0004A000ED044F61050A5F2FF3545432F14DD
:100BC000B8F1000F1ED07542291E1EDDC9F10002CA
:100BD0001CE0B8F1010F4FF0000001D0302103E01C
:100BE000F24305E02154401CB042FBDB30460022BA
:100BF000002121540B99C1F80880C1E900200FB0F1
:100C0000BDE8F08FBD1B6D1CDEE74A4600DA694285
:100C100006A800F061FA06AB93E8070003AB83E88F
:100C2000070050460A9900F0CBFA8DE80700A0F5BE
:100C300000501F3800900398002D09DD42F21F017B
:100C40004A46084403A90390684600F02AFD08E0DC
:100C5000A0F500504A461F3803A90390684600F0EB
:100C600034FD8DE807000004000C03D04FF0FF3086
:100C7000410800E01046B8F1000F03D000220092B6
:100C800015461EE0751E05D4FFF724FF303262556D
:100C90006D1EF9D5B3460122084302D000227F1C05
:100CA00004E02078302801D100227F1E002A099715
:100CB00086D01DE0112D07DAFFF70CFF30326255A8
:100CC0006D1C50EA0102F5D1084302D00098C8B16A
:100CD0000EE00021681E05E0235C625C6354225430
:100CE000401E491C8142F7DBAB46A81B401E099001
:100CF000002004F80B000B98099AC0F80880C0E99E
:100D0000002B7CE711264FF0000859E72DE9F04F42
:100D100088460446D21D22F0070191B0D1E90001B6
:100D2000CDE90A0104F086FB02460B98C00F01D002
:100D30002D2007E02068810701D52B2002E020212B
:100D400001EAC000032A099001D0072A05DB034607
:100D50004146204600F080F90BE12078800601D55D
:100D6000E06900E00620B8F1650F814606D0B8F1D1
:100D7000660F18D0B8F1670F70D131E00020B9F1DB
:100D8000110F009001DB112301E009F101030AAA10
:100D900001A90CA8FFF7E4FEDDE90C70002609F1BB
:100DA0000105834647E001204B4600904FF0004785
:100DB0000AAA01A90CA8FFF7D3FEDDE90DB00C9932
:100DC0005D46002610B909F101000D18B9EB0500C8
:100DD00003D4C0F1FF3609F10105A5EB09002BE0B2
:100DE000B9F1010F01DA4FF001090020B9F1110F3B
:100DF0000090484601DD112300E003460AAA01A93C
:100E00000CA8FFF7ADFEDDE90C704D4600268346C9
:100E1000207800070AD4AB4500DA5D4601A8012D11
:100E200004DD411911F8011C302907D04F4502DAC1
:100E300017F1040F04DA012082460FE06D1EEEE781
:100E4000002F02DCED1B3E4403E0781CA84200DDCD
:100E50007D1CB81B00F1010A4FF000472078000705
:100E600003D4AA4501DB4FF0FF3A0021B7F1004F50
:100E70000DF143088DF8431024D002202B23002FBE
:100E800001DA7F422D230A21021EA0F1010000DCBD
:100E90005FB197FBF1FC97FBF1F201FB1C7C17465D
:100EA0000CF1300C08F801CDEEE7A8F10100037059
:100EB0002188090501D5452100E06521A0F101083F
:100EC00000F8011C09980FA9A1EB0807FF1D00B14C
:100ED0000120411901EBEA70A1693844081A401E4B
:100EE000A0612078C00602D42046FFF73BFA09989B
:100EF00028B1D4E901219047206A401C2062207863
:100F0000C00622D52046FFF72DFA1EE0002E04DB96
:100F1000B34502DD01A8805D00E03020D4E9012165
:100F20009047206A401C2062761CAAF101005FEA0B
:100F3000000A0AD100F08CF8C0680168405CD4E96E
:100F400001219047206A401C2062281EA5F101055E
:100F5000DCDC07E0D4E9012118F8010B9047206A96
:100F6000401C2062381EA7F10107F3DC2046FFF782
:100F70000FFA032011B043E610B5436913B1AFF384
:100F8000008001E0FFF7CEFC012010BD128800F1C7
:100F9000240182840022C2840122EDE711684FF00F
:100FA000FF32E9E7007B00F08000704770B516461D
:100FB0000C46054600F044F8036893F80101012847
:100FC00006D0FF2C0FD8185D68B101202C7070BDC1
:100FD000D3F807013246214603F20713034428469B
:100FE000BDE8704018474FF0FF3070BD00487047B3
:100FF000E4B400207546FFF7F9FFAE4605006946E8
:10100000534620F00700854618B020B5FFF762F977
:10101000BDE820404FF000064FF000074FF00008F9
:101020004FF0000B21F00701AC46ACE8C009ACE87A
:10103000C009ACE8C009ACE8C0098D4670470000A3
:1010400010B500F005F8001D10BD00BFED880000D0
:101050000048704704B500202DE9F0411F460446C2
:1010600003260168072A01F4006004DB08B116A515
:1010700005E016A503E008B115A500E015A521F0CF
:1010800010002060A069C01EA0610FB1401EA061C9
:101090002046FFF767F94FB1D4E901213846904760
:1010A000206A401C2062C01C206206E0206AFAE729
:1010B000D4E9012115F8010B9047761EF8D220469D
:1010C000FFF766F9BDE8F0814E414E006E616E009B
:1010D000494E4600696E66002DE9F0478146164686
:1010E0008AB0334878440DC88DE80D003048784404
:1010F000801C03AC0DC884E80D0041F69B30084409
:10110000372190FBF1F290FBF1F5A5F1800501FB91
:1011100012041B3C02D56442012000E00020DFF8ED
:1011200090A080460027FA44AAF1BE0A0DE0E0072D
:1011300009D03246684607EB47010AEB810100F00F
:10114000C4FA8DE8070064107F1C002CEFD1184F03
:101150007F44AC3F18E0E80714D007EB04100DF112
:10116000180A90E80E008AE80E00C068F04201D12B
:1011700098190890324606A903A800F0A6FA03AB16
:1011800083E807006D10641C002DE4D132466946E7
:10119000B8F1000F03A802D000F083FA01E000F0DC
:1011A00094FAC9E90001C9F808200AB0BDE8F0873F
:1011B00094B000000446AFF300802046FFF775F8B6
:1011C0005FEA400C08BF91F0000F4FEA8C234FEA12
:1011D000C12243EA51514FEA1C5018BF00F5F040BC
:1011E0004FEA300018BF41F000415FEA6C5C00F04C
:1011F0002980BCF1FF3F08BF40F080407047130CCE
:1012000006BF12044FF0100C4FF0000C130E04BF79
:1012100012020CF1080C130F04BF12010CF1040CA4
:10122000930F04BF92000CF1020CD30F04BF5200C5
:101230000CF1010C11464FF00002A0F11F00A0EBD1
:101240000C00704711F0004F08BF704731F00041AB
:101250003FF4D5AF0B0C06BF09044FF0100C4FF054
:10126000000C0B0E04BF09020CF1080C0B0F04BF9D
:1012700009010CF1040C8B0F04BF89000CF1020C66
:10128000CB0F04BF49000CF1010CCCF12003A0EB03
:101290000C0022FA03F302FA0CF241EA030100F116
:1012A0000100704720F07F4C80EA030023F07F4765
:1012B000ACEB070303F57C5300F0004003F1FF03A0
:1012C0002DE980494FEA154B09B44FEA144325EA4A
:1012D0000B4E24EA03480FF2042606EB13274908B5
:1012E0003E785FEA320203FB0667C7F5000707FB9B
:1012F00006F64FEA54374FEAD64606F1020607FBD8
:10130000066CCCF1005C4FEA1C472CEA074C07FB4B
:1013100006F40CFB06F504EB15464FEA961634BFAF
:1013200000204FF000404FEAD13706FB07FC4FEAA0
:101330001C4C0CFB0BF7D21B03FB0CF761EB0701FA
:101340000CFB0EF7B0EB074072EB17420CFB08F7F3
:1013500034BFA2EB0742B2EB074261EB17414FEA01
:101360000C444FEA910706FB07FC4FEA1C4C0CFBB0
:101370000BF7B0EBC74072EB573203FB0CF734BFEF
:10138000A2EBC742B2EBC74261EB57310CFB0EF741
:10139000B0EBC70072EB57720CFB08F734BFA2EB3F
:1013A000C702B2EBC70261EB5771039F4FEA81613D
:1013B00041EA921104EBCC044FEAD1374FEA826242
:1013C00006FB07FC42EA90124FEA80604FEA1C4C91
:1013D0000CFB0BF7D21B03FB0CF761EB07010CFBBB
:1013E0000EF7B0EB074072EB17420CFB08F734BF67
:1013F000A2EB0742B2EB074261EB17414FEA8C5573
:101400004FEA910704EB9C2406FB07FC4FEA1C4CB7
:101410000CFB0BF7B0EBC74072EB573203FB0CF73A
:1014200034BFA2EBC742B2EBC74261EB57310CFBB2
:101430000EF7B0EBC70072EB57720CFB08F734BF26
:10144000A2EBC702B2EBC70261EB577115EB4C255B
:101450004FEA816141EA92114FEA82624FEAD13745
:1014600042EA901206FB07FC44F100044FEA806058
:101470004FEA1C4C0CFB0BF7D21B03FB0CF761EB88
:1014800007010CFB0EF7B0EB074072EB17420CFBA9
:1014900008F734BFA2EB0742B2EB074261EB1741FA
:1014A00015EB1C154FEA813141EA92414FEA823235
:1014B00042EA90424FEA80304FEA0C7644F1000451
:1014C00048EA03434EEA0B484FF0000EB2EB080C1B
:1014D00071EB030724BF624639464EEB0E0E4FF008
:1014E000000B0018524149414BEB0B0BB2EB080CBF
:1014F00071EB03077BF1000B24BF624639464EEBCC
:101500000E0E4FF0000B0018524149414BEB0B0BF4
:10151000B2EB080C71EB03077BF1000B24BF6246B2
:1015200039464EEB0E0E51EA020718BF46F001068F
:1015300016EB0E7655F1000254F1000103D5BDE81B
:101540008901BDE80088BDE88901BDE80048B619F9
:10155000524141EB0101A3F10103704780807F7E7E
:101560007D7C7B7A79787776767574737271717019
:101570006F6E6E6D6C6C6B6A6A69686867666665CB
:101580006464636362616160605F5F5E5E5D5D5C59
:101590005C5B5B5A5A5959585857575656555555CA
:1015A0005454535352525251515050504F4F4F4E2A
:1015B0004E4D4D4D4C4C4C4B4B4B4A4A4A49494978
:1015C00048484847474747464646454545444444BA
:1015D000444343434342424242414141002B26D4CB
:1015E000770021D01CB54FEA370703B44FF0100045
:1015F0004FF010014FF000000FBCBDE810400BF1A0
:10160000010BBBF1010F08BF5FEA170722BF12F100
:10161000010211F101014FF0004143F1000300F01C
:10162000004043EA00007047F9D35708DAE746EA7A
:10163000064613F1400F4FEA16461FDD13F1200F47
:10164000DFBF16430A46002120335B42C8D0C3F1F6
:10165000200746EA064602FA07F74FEA164646EA28
:101660000706C3F1200722FA03F201FA07F721FA6D
:1016700003F14FF0000342EA0702B1E746EA02062F
:1016800046EA06464FEA164646EA0106BCBF46EA67
:101690000646360C4FF000034FF000024FF00001F9
:1016A0009EE72DE9C048934630B491E8380007C85A
:1016B00031EA400C48BF34EA430C03D5FFF7F2FD92
:1016C000FFF78CFFF0BCBDE800882DE9C0489346C9
:1016D00030B491E8380007C810F0804F08BF13F00D
:1016E000804F03D100F005F8FFF778FFF0BCBDE8AC
:1016F000008820F07F4780EA030023F07F4C07EB4F
:101700000C03A3F57C5300F00040A3F1FE0392F01C
:10171000000F00F0B38095F0000F00F077802DE906
:1017200001494FEA11404FEA144621EA004800FB04
:1017300006FC24EA064708FB06F607FB08F800FB50
:1017400007F718EB06484CEB164C4FEA124B18EB18
:1017500007484FEA15464CEB174022EA0B4E0BFBAD
:1017600006FC25EA06470EFB06F607FB0EFE0BFB02
:1017700007F71EEB064E4CEB164C4FF000061EEB27
:10178000074E4CEB174B18EB0B0840F1000018EB21
:101790000E0B58EB000840F100008F1A4FF00001CB
:1017A0003CBFC943661B14BFB5EB040C00213CBF12
:1017B000C943F61B4FEA17444EEA8E0E27EA04454A
:1017C0004FEA1C4704FB07622CEA074C05FB07F7AE
:1017D0000CFB05F604FB0CFC16EB074642EB17422C
:1017E00016EB0C4642EB1C421BEB060658EB0202C2
:1017F000414146EA9E0601D5BDE80189B61952412C
:1018000041EB0101A3F10103BDE801894FEA144551
:101810004FEA114724EA054621EA074C05FB07F485
:1018200006FB07F70CFB06F105FB0CFC11EB07416F
:1018300044EB17444FEA124711EB0C4144EB1C44B4
:1018400022EA074C05FB07F206FB07F70CFB06F63E
:1018500005FB0CFC16EB074642EB174216EB0C4659
:1018600042EB1C456A1854F1000148BF7047B61995
:10187000524141EB0101A3F10103704795F0000FC4
:1018800037D04FEA11424FEA144721EA024624EAD0
:10189000074C02FB07F106FB07F70CFB06F402FB03
:1018A0000CFC14EB074441EB17414FEA154714EBCE
:1018B0000C4441EB1C4125EA074C02FB07F506FBF3
:1018C00007F70CFB06F602FB0CFC16EB074645EB94
:1018D000174516EB0C4645EB1C42121951F100015D
:1018E00048BF7047B619524141EB0101A3F1010312
:1018F00070474FEA14454FEA114724EA054621EAAA
:10190000074C05FB07F106FB07F70CFB06F24FF04F
:10191000000605FB0CFC12EB074241EB174112EBF2
:101920000C4251EB1C4148BF7047921841EB01013A
:10193000A3F10103704710B500F010FF10BD70B5A2
:1019400006460C46154608E03046721C96B200F07A
:1019500007F804F8010B681E85B2002DF4D170BDA4
:1019600070B50446002600F0ADFF2546E11704EBF4
:1019700011610912A02202EB4101C8B200F068FF18
:1019800000F0ECFFE11704EB11610912A4EB012157
:10199000C8B200F05DFF00F0E1FF00F093FFA1206E
:1019A00000F056FF00F0DAFF002000F019FF0646B5
:1019B00000F0AEFF304670BD70B505460C461646C9
:1019C00006E02178284600F009F8681C85B2641CFE
:1019D0003000A6F101018EB2F3D170BD70B504469E
:1019E0000E4600F06FFF2546E11704EB1161091266
:1019F000A02202EB4101C8B200F02AFF00F0AEFFC6
:101A0000E11704EB11610912A4EB0121C8B200F047
:101A10001FFF00F0A3FF304600F01AFF00F09EFF0A
:101A200000F076FF0A2006F047FC70BD00BFFEE71D
:101A300010B5052006F066FC10BD000010B50020B2
:101A40000F4908600F48006820F0F0000D49086059
:101A50000846006840F030000860FFF7E9FF00200A
:101A60000949C1F8A401FFF7E3FF01200449086018
:101A7000FFF7DEFF00200549C1F8840110BD00001A
:101A800084812142041C01400080234200802142C5
:101A900008B50121882001F06BFE0220ADF800009E
:101AA00010208DF8030003208DF8020069460A48D3
:101AB00000F0F3FA0221084800F085FB4FF40070B3
:101AC000ADF800006946054800F0E7FA4FF40071F0
:101AD000024800F078FB08BD000C0140001C0140EA
:101AE00010B500200F4908600F48006820F0F00092
:101AF0000D4908600846006840F030000860FFF7B4
:101B000097FF01200949C1F8A401FFF791FF0120C7
:101B100004490860FFF78CFF00200549C1F88401E3
:101B200010BD000084812142041C0140008023423A
:101B30000080214270B5054600241648006820F058
:101B4000F000144908600846006840F08000086012
:101B50001E2006F0D7FB002611E000200E49086089
:101B6000FFF766FF01200D49C1F884016006040EED
:101B70000B48006808B1601CC4B2701CC6B2082EC5
:101B8000EBDB15B9FFF7ACFF01E0FFF757FF20468D
:101B900070BD0000041C014084812142008021426C
:101BA0002481234270B504461348006820F0F000F9
:101BB000114908600846006840F0300008600020C5
:101BC0000E490860FFF734FF002511E0E0090C49D9
:101BD00008606006040E01200A49C1F88401FFF77D
:101BE00027FF002005490860FFF722FF681CC5B2E7
:101BF000082DEBDB70BD0000041C014084812142F4
:101C0000A48123420080214210B50F48006820F0D3
:101C1000F0000D4908600846006840F03000086098
:101C200001200A4908600A49C1F884011E2006F013
:101C300069FB002005490860FFF7FAFE002004490F
:101C4000C1F8840110BD0000041C0140A48123429E
:101C50000080214210B50D48006820F0F0000B49CB
:101C600008600846006840F030000860012008491C
:101C700008601E2006F046FB00200649C1F8A401BA
:101C8000FFF7D6FE01200449086010BD041C014086
:101C90008481214200802342A481234210B5002484
:101CA0001348006820F0F0001149086008460068F9
:101CB00040F08000086001200E4908600E49C1F81C
:101CC0008401FFF7B5FE09E0601CC4B2FA2C03DD05
:101CD000FFF7C0FF012010BDFFF7AAFE05488038BE
:101CE00000680028F0D10549086000BFF3E7000054
:101CF000041C0140A48123420080214284812142AE
:101D000070B5044605E01548456B05F0450000B187
:101D100000E0F8E700BF042001F0BAFD20B1042084
:101D200001F0B0FD032070BD012001F0B1FD20B134
:101D3000012001F0A7FD0120F5E708480069A04255
:101D400001D01020EFE740F2FF50044988630846B5
:101D5000406908210840C0B2E5E70000008001406A
:101D6000704700001CB50121802001F001FD4FF4F7
:101D70000060ADF8000010208DF8030003208DF8FE
:101D8000020069462D4800F088F902212B4800F036
:101D90001AFA4FF48060ADF8000048208DF8030077
:101DA0006946264800F079F94FF48061234800F035
:101DB0000AFAFFF76DFE002021490860142006F0A2
:101DC0007BFA01201F49C1F8AC01322006F074FAF9
:101DD00000208DF80400012201A900F035F901224C
:101DE00001A9A42000F030F916208DF8040001228A
:101DF00001A9802000F028F90C208DF804000122B0
:101E000001A9882000F020F9022201A9A12000F0F8
:101E100021F89DF8040030280ED19DF80500032814
:101E20000AD19DF805009DF8042000EB022106A0D0
:101E3000FEF776FA00201CBD0120FCE7001C0140E3
:101E4000AC812342008023424354502049443A2528
:101E5000780D0A002DE9F04106460F461546FFF7BA
:101E6000D3FE7020FFF79EFEFFF718FFF0B2FFF7DA
:101E700099FEFFF713FFFFF7C7FE7120FFF792FEF1
:101E8000FFF70CFF00240BE0691EA14201D00121E5
:101E900000E000210846FFF74DFE3855601CC4B233
:101EA000AC42F1DBFFF7D6FEBDE8F08171B581B041
:101EB0000024002661480078401C604908700846EC
:101EC00000780A2190FBF1F201FB120018B15B4887
:101ED00000780A2867DA012201A90220FFF7BAFF79
:101EE0009DF8040000F00F0000287ED09DF804004B
:101EF00000F00F00062878DA9DF8040000F00F01CA
:101F0000FF208840C5B2E843C0B240F0C0004C4951
:101F100081F8200000245AE0494890F8200001216F
:101F2000A1400840F0B3474931F814000422694643
:101F3000FFF790FF424890F8300000F00100C0B178
:101F40009DF801009DF8001001F00F0100EB012049
:101F50003B49163121F814009DF803009DF802104A
:101F600001F00F0100EB012135480C3020F814106E
:101F70001DE09DF801009DF8001001F00F0100EB3D
:101F80000120C0F5F07081B22D480C3020F81410FB
:101F90009DF803009DF8021001F00F0100EB0121F4
:101FA000274801E011E020E0163020F814109DF8D9
:101FB000000000F0F000802807D0002120481630F3
:101FC00020F814100A3820F81410601CC4B2052C34
:101FD000A2DB01261A48808920B91948C08A08B9AD
:101FE000002001900020154908709DF8040000F0C1
:101FF0001F00D0B9124890F8200000F0800040B1D6
:102000000F4890F8200020F080000D4981F8200052
:102010000BE04FF6FF700A498881C882084690F8A5
:10202000200000F0E00081F8200004480078F0284B
:1020300002DD0A200149087030467CBD38000020CE
:102040003C000020CABF00082DE9F04105460E46BD
:1020500017464FF00008FFF7D7FD7020FFF7A2FDED
:10206000FFF71CFEE8B2FFF79DFDFFF717FE002407
:102070000BE0305DFFF796FDFFF710FE8046B8F1EC
:10208000000F00D003E0601CC4B2BC42F1DB00BF13
:10209000FFF7E0FD4046BDE8F0812DE9F041024642
:1020A00000250026002000230024002791F803C00B
:1020B0000CF00F0591F803C00CF0100CBCF1000FF0
:1020C00003D091F802C04CEA050591F800C0BCF1BC
:1020D000000F31D0146800202BE04FF0010C0CFAF7
:1020E00000F3B1F800C00CEA03069E4220D1830041
:1020F0004FF00F0C0CFA03F7BC4305FA03FC4CEA53
:10210000040491F803C0BCF1280F06D14FF0010C74
:102110000CFA00FCC2F814C00AE091F803C0BCF14C
:10212000480F05D14FF0010C0CFA00FCC2F810C0AA
:10213000401C0828D1D31460B1F800C0BCF1FF0FD7
:1021400034DD546800202EE000F1080C4FF0010847
:1021500008FA0CF3B1F800C00CEA03069E4221D144
:1021600083004FF00F0C0CFA03F7BC4305FA03FC95
:102170004CEA040491F803C0BCF1280F05D100F12A
:10218000080C08FA0CF8C2F8148091F803C0BCF1EE
:10219000480F07D100F1080C4FF0010808FA0CF8BD
:1021A000C2F81080401C0828CED35460BDE8F081EE
:1021B0000246002093680B400BB1012000E0002094
:1021C0007047416170470161704700000EB5012101
:1021D000802001F0CDFA4FF40060ADF8000010202F
:1021E0008DF8030003208DF8020069463A48FFF796
:1021F00054FF02213848FFF7E6FF4FF48060ADF846
:10220000000048208DF8030069463348FFF745FF7A
:102210004FF480613048FFF7D6FFFFF739FC00200C
:102220002E4908600A2006F047F801202C49C1F821
:10223000AC010A2006F040F84FF48060ADF80000D1
:1022400028208DF8030069462348FFF726FF4FF446
:1022500080612148FFF7B5FF642006F02DF80422C5
:1022600001A948F2401000F051F800208DF8080054
:1022700001A91CA0FEF754F81DA101A8FEF73EFA23
:1022800040BB02208DF80400012201A948F2400061
:1022900000F09CF9012201A948F2470000F036F84D
:1022A0009DF80400602807DA9DF8041012A0FEF7DC
:1022B00037F8012000F05CF90A2005F0FDFF00204E
:1022C0008DF80400012201A948F2400000F07EF9D7
:1022D00000200EBD0120FCE7001C0140AC81234220
:1022E000008023424354502049443A25730D0A008C
:1022F000393134370000000044656661756C742024
:102300005665723A25640D0A000000002DE9F0417F
:1023100005460F461646FFF777FC2820FFF742FCDC
:10232000FFF7BCFC2812FFF73DFCFFF7B7FCE8B253
:10233000FFF738FCFFF7B2FCFFF766FC2920FFF738
:1023400031FCFFF7ABFC00240BE0711EA14201D071
:10235000012100E000210846FFF7ECFB3855601C26
:10236000C4B2B442F1DBFFF775FCBDE8F0810000B8
:1023700071B583B00024002679480078401C784964
:102380000870084600780A2190FBF1F201FB120068
:1023900018B1734800780A287EDA012203A948F2AE
:1023A0004E10FFF7B3FF9DF80C0000F0800068B1FD
:1023B0009DF80C0000F00F00062807DA00200190BD
:1023C000012201A948F24E1000F000F99DF80C001E
:1023D00000F00F0000285FD09DF80C0000F00F0007
:1023E0000628D9DA9DF80C0000F00F01FF20884084
:1023F000C0B201905B4890F820509DF80400C043A3
:10240000C0B240F0C000574981F8200008468189D9
:102410008182C18AC183002446E0524890F820009E
:102420000121A140084020B34F4931F81400042293
:1024300002A9FFF76BFF4B4890F8300000F0010055
:10244000C0B19DF808009DF8091000EB012081B291
:102450004448163020F814109DF80A009DF80B101F
:1024600000EB0120C0F5487081B23E480C3020F8E6
:10247000141017E09DF808009DF8091000EB0120EA
:1024800081B238480C3020F814109DF80A009DF8ED
:102490000B1000EB012000E036E081B2314816302D
:1024A00020F81410601CC4B2052CB6DB01262D48A0
:1024B00080892E490988884205DC2A48C08A2B4930
:1024C000498888421DDD9DF80C0000F00F000128AE
:1024D0000ADD2448C089234988810846008BC882C8
:1024E00000201F4908700FE01E48808A1D4988811E
:1024F0000846C08BC88280200390084680F8205090
:1025000002E00020164908709DF80C0000F08F00D2
:1025100080281AD1134890F8200000F0800040B1C4
:10252000104890F8200020F080000E4981F820002B
:102530000BE04FF6FF700B498881C882084690F87F
:10254000200000F0E00081F8200005480078F02825
:1025500002DD0A2002490870304604B070BD000058
:10256000390000203C0000208CC00008240300201B
:1025700038B50546002400208DF800008DF8015084
:1025800000BF09E09DF800000F49095D0844C0B292
:102590008DF80000601CC4B2B82CF3D39DF8000085
:1025A000C043401CC0B28DF80000B822064948F272
:1025B000470000F00BF80222694648F2FF0000F0E5
:1025C00005F8002038BD0000D4BF00082DE9F04117
:1025D00004460E4617464FF00008FFF715FB28206B
:1025E000FFF7E0FAFFF75AFB2012FFF7DBFAFFF7DD
:1025F00055FBE0B2FFF7D6FAFFF750FB00250BE0E2
:10260000705DFFF7CFFAFFF749FB8046B8F1000F86
:1026100000D003E0681CC5B2BD42F1DB00BFFFF78C
:1026200019FB4046BDE8F0812DE9F05F82460F4678
:1026300014462046E21704EB5272D2102146E317EB
:1026400004EB5373DB10A4EBC3030BB1012300E0D5
:1026500000231A44624302F0FF099AF800600AF16D
:10266000010082460578812E05DB402D03DBFF2D1E
:1026700001D0FF2E0DD14FF0000B06E0002007F82F
:10268000010B0BF1010000F0FF0BCB45F6DBBDE8C1
:10269000F09F7F2D03DAA5F14000C5B202E0A5F15D
:1026A0004100C5B2A6F18100C6B2BE2000FB0650B3
:1026B00000FB09F80C2C04D0102C0CD0182C1ED1C7
:1026C00013E01048D0F8090000EB08014A463846EC
:1026D00002F088FE13E00B48D0F8110000EB08016F
:1026E0004A46384602F07EFE09E00648D0F8190056
:1026F00000EB08014A46384602F074FE00BF00BFF6
:1027000000BFC4E7C0B4002000BFFEE710B5002042
:102710000F4908600F48006820F070400D490860BC
:102720000846006840F04050086000200A49C1F89F
:102730009C01022005F0E6FD012005490860022009
:1027400005F0E0FD00200449C1F8980110BD00002B
:1027500098812142000C01400080214208B50121EE
:10276000082001F005F8C020ADF8000010208DF819
:10277000030003208DF8020069460448FFF78DFC32
:10278000C0210248FFF71FFD08BD0000000C0140FA
:1027900010B500200F4908600F48006820F0704015
:1027A0000D4908600846006840F04050086001206C
:1027B0000A49C1F89C01022005F0A4FD0120054949
:1027C0000860022005F09EFD00200449C1F8980130
:1027D00010BD000098812142000C01400080214280
:1027E00070B5054600241748006820F07040154970
:1027F00008600846006840F000400860002616E0C7
:10280000002011490860022005F07CFD01200F49DD
:10281000C1F898016006040E0B487C38006808B1C6
:10282000601CC4B2012005F06DFD701CC6B2082EFC
:10283000E6DB15B9FFF7ACFF01E0FFF767FF2046C5
:1028400070BD0000000C01409881214200802142AF
:1028500070B504461848006820F0704016490860BA
:102860000846006840F040500860002013490860A6
:1028700000251EE0E00920B101201049091D086073
:1028800003E000200D49091D08606006040E0220C7
:1028900005F038FD012009490860022005F032FDED
:1028A00000200749C1F89801022005F02BFD681CA3
:1028B000C5B2082DDEDB70BD000C014098812142BD
:1028C0000080214210B50F48006820F070400D498B
:1028D00008600846006840F04050086001200A493E
:1028E00008600A49C1F89801042005F00BFD00209A
:1028F00005490860042005F005FD00200349C1F8E2
:10290000980110BD000C01409C81214200802142B1
:1029100010B50F48006820F070400D490860084667
:10292000006840F04050086000200A4908600A49E9
:10293000C1F89C01042005F0E5FC01200549086070
:102940000549C1F89C01042005F0DCFC10BD000025
:10295000000C0140988121420080214210B50024E2
:102960001448006820F0704012490860084600686A
:1029700040F00040086001200F49086005F0C2FCEB
:1029800001200E49C1F8980105F0BCFC07E0601C6D
:10299000C4B2FA2C03DDFFF7BBFF012010BD0648CF
:1029A000803800680028F2D10349091F086000BF81
:1029B000F4E70000000C01409C812142008021428C
:1029C00008B50121442000F0D3FE1C20ADF8000022
:1029D00048208DF8030069460648FFF75EFB01209A
:1029E000ADF8000028208DF8030069460248FFF783
:1029F00054FB08BD001801400008014010B5044612
:102A000014B101202C4908702B480078002837D0D9
:102A100010212A48FFF7CCFB78B108212748FFF79F
:102A2000C7FB50B104212548FFF7C2FB28B10121A3
:102A30002348FFF7BDFB012822D10A2005F03CFC0A
:102A400000201D49087010211C48FFF7B1FB08B990
:102A5000012010BD08211948FFF7AAFB08B9022080
:102A6000F7E704211548FFF7A3FB08B90320F0E7B7
:102A700001211348FFF79CFB01281BD10420E8E744
:102A800010210E48FFF794FB012813D108210B48B1
:102A9000FFF78EFB01280DD104210848FFF788FBC2
:102AA000012807D101210648FFF782FB10B9012058
:102AB000014908700020CCE72200002000180140E6
:102AC0000008014070B50446002617480588408874
:102AD00045431548808846F60401884216D11248BD
:102AE0008079012812D100200F4988712A2048815D
:102AF0002B2088810021084600F016FA01200A499F
:102B000088712B2048812A20888103E00021084613
:102B100000F00AFA00F0FAFB002602E00348048005
:102B2000761CAE42FAD370BD240300200008006C6E
:102B30002DE9FF4F84B081468A4600200390029021
:102B40000698A0EB09050798A0EB0A06CDF80490BB
:102B5000CDF800A0002D01DD012705E00DB900270B
:102B600002E04FF0FF376D42002E02DD4FF001080A
:102B700006E016B94FF0000802E04FF0FF38764249
:102B8000B54201DD2C4600E034464FF0000B21E059
:102B9000009A91B2019A90B200F022F8039828446A
:102BA00003900298304402900398A04205DD0398F8
:102BB000001B03900198384401900298A04205DD63
:102BC0000298001B02900098404400900BF1010015
:102BD0001FFA80FB601C8345DADD08B0BDE8F08F8A
:102BE00030B504460D462946204600F09DF900F018
:102BF0008DFB024800880249088030BD2400002077
:102C00000008006CF0B504460D4616461F462B46DC
:102C1000324629462046FFF78BFF3B46224629468F
:102C20002046FFF785FF3B46324639462046FFF7F0
:102C30007FFF3B46324629463046FFF779FFF0BD1D
:102C40002DE9F04306460F469046002445460320F2
:102C5000A0EB48093CE07A1B91B2321990B2FFF721
:102C6000BFFF3A1B91B2721990B2FFF7B9FF3A1940
:102C700091B2721990B2FFF7B3FF7A1991B232197B
:102C800090B2FFF7ADFF7A1991B2321B90B2FFF705
:102C9000A7FF3A1991B2721B90B2FFF7A1FF7A1BFE
:102CA00091B2321B90B2FFF79BFF3A1B91B2721B9D
:102CB00090B2FFF795FF641CB9F1000F03DAA00092
:102CC000801D814404E0601B80000A3081446D1E39
:102CD000AC42C0DDBDE8F08330B503460C46154676
:102CE0005A48808849F24131884205D05748808847
:102CF00045F21031884214D15449488900F000FB54
:102D0000181200F0F7FAD8B200F0F4FA4F498889A7
:102D100000F0F6FA201200F0EDFAE0B200F0EAFA64
:102D20008CE04A48808845F21051884220D14749BA
:102D3000488900F0E5FA181200F0DCFA43494989A5
:102D4000491C88B200F0DCFAD8B200F0D3FA3F494F
:102D5000888900F0D5FA201200F0CCFA3B49898925
:102D6000491C88B200F0CCFAE0B200F0C3FA65E08A
:102D70003648808841F66311884228D133488079EB
:102D800020B932480088401EC01A83B22F494889B2
:102D900000F0B6FA181200F0ADFAD8B200F0AAFAB4
:102DA000181200F0A7FAD8B200F0A4FA27498889CF
:102DB00000F0A6FA201200F09DFAE0B200F09AFAB4
:102DC000201200F097FAE0B200F094FA36E01F48C3
:102DD000808846F6040188421DD11C48807901286C
:102DE00004D11A480088401EC01A83B21749488986
:102DF00000F086FA181200F07DFAD8B200F07AFAE4
:102E00001249888900F07CFA201200F073FAE0B2CF
:102E100000F070FA12E00D488079012804D10B48C7
:102E20000088401EC01A83B208494889194600F03C
:102E300077FA06498889214600F072FA034800892A
:102E400003490880881C058030BD00002403002051
:102E5000FE07006C2DE9FC4F05460E4617469846C6
:102E6000DDF82C90002001902748808846F6040168
:102E7000884229D124488079012825D1AB4635469E
:102E800021480088C01B401E86B247461E48008865
:102E9000A0EB0B00401E1FFA80F800201A49887131
:102EA0002A2048812B20888143463A4631462846CD
:102EB000CDF80090FFF7CEFF0120134988712B2039
:102EC00048812A2088811CE0781B401C80B2019038
:102ED000344614E02146284600F026F800F016FAA1
:102EE0004FF0000A06E00948A0F800900AF101003E
:102EF0001FFA80FA01988245F5DB601C84B24445D4
:102F0000E8DDBDE8FC8F0000240300200008006C11
:102F100010B50246012000E050430B00A1F101046E
:102F2000E1B2F9D110BD000010B503460C46674868
:102F3000808849F24131884205D06448808845F252
:102F40001031884214D16149488900F0D9F918122A
:102F500000F0D0F9D8B200F0CDF95C49888900F0D2
:102F6000CFF9201200F0C6F9E0B200F0C3F9ABE0EF
:102F70005648808846F6040188421DD1534880791E
:102F8000012804D151480088401EC01A83B24F491D
:102F9000488900F0B5F9181200F0ACF9D8B200F089
:102FA000A9F94A49888900F0ABF9201200F0A2F98A
:102FB000E0B200F09FF987E04448808841F6631151
:102FC000884247D141488079A8B940480088401ECE
:102FD000C01A83B23D49488900F092F9002000F000
:102FE00089F9002000F086F9181200F083F9D8B2B0
:102FF00000F080F916E03549488900F081F918128F
:1030000000F078F9D8B200F075F930490988491E06
:10301000C1F30F2000F06EF92C490978491EC8B29F
:1030200000F068F92949888900F06AF9201200F057
:1030300061F9E0B200F05EF924494988491EC1F304
:103040000F2000F057F921498978491EC8B200F0D5
:1030500051F939E01D48808845F21051884220D14D
:103060001A49488900F04CF9181200F043F9174941
:103070004989491C88B200F043F9D8B200F03AF906
:103080001249888900F03CF9201200F033F90F4909
:103090008989491C88B200F033F9E0B200F02AF9BE
:1030A00012E00A488079012804D108480088401EAF
:1030B000C01A83B205494889194600F031F903491D
:1030C0008889214600F02CF910BD0000240300205F
:1030D0002DE9F84F80460E4617461C46B34620465B
:1030E000E31704EB5373DB1021464FEAE47C04EB57
:1030F0005C7C4FEAEC0CA4EBCC0CBCF1000F02D0D2
:103100004FF0010C01E04FF0000C6344224604EB49
:10311000D27C4FEA6C0C03FB0CF3DBB20093A7F1FB
:103120002000C7B2002556E00C2C07D107EB470062
:103130002B4901EB800010F8059013E0102C05D10D
:10314000284800EB071010F805900BE0182C07D169
:1031500007EBC700244901EB800010F8059001E05F
:10316000BDE8F88F4FF0000A2FE009F0800030B181
:103170001E48028831464046FFF7AEFD07E00A9838
:1031800028B91B48028831464046FFF7A5FD4FEAA3
:1031900049604FEA1069701C86B216484088B042F8
:1031A00000DCDDE7A6EB0B00A0420AD15E4608F189
:1031B00001001FFA80F80F480088404500DCCFE787
:1031C00006E00AF1010000F0FF0ABAF1080FCCDBBB
:1031D00000BF681CC5B200988542A5DB00BFBFE7F1
:1031E0000AA800087EAC00086EB200082400002087
:1031F00026000020240300202DE9FF4F81B0074660
:1032000091461E460E9D4FF0000A002439E0301B07
:10321000401EC1B20A20FFF77BFEB9FBF0F00A2185
:10322000B0FBF1F201FB1208BAF1000F16D1701ECB
:10323000A04213DDB8F1000F0ED10020AB4605EB24
:10324000DB71491001FB0471009088B22B462022EB
:103250000299FFF73DFF12E04FF0010A0020AB4654
:1032600005EBDB71491001FB0471009088B208F195
:103270003001CAB22B460299FFF72AFF00BF601C3B
:10328000C4B2B442C3DB05B0BDE8F08F2DE9F84706
:1032900004460D4690469946DDE9096704F0FF0AA9
:1032A00008EB04001FFA80F809EB05001FFA80F90B
:1032B00016E0444502DB5446A81985B24D4500DBB3
:1032C00014E0002000903A78334629462046FFF764
:1032D000FFFE304606EBD07104EB61018CB27F1C1F
:1032E00038787E2802DC38782028E2DA00BFBDE892
:1032F000F887000001490880704700000008006C52
:103300000149088070470000FE07006C02480089F0
:10331000024908807047000024030020FE07006C6B
:10332000024A1080921C118070470000FE07006C5A
:1033300000BFFEE77047000070B5002100230F2298
:10334000C47804B3154C246804F4E064C4F5E06464
:10335000210AC1F10403CA40447804FA03F18478D5
:103360001440214309010E4C0678A155047804F05D
:103370001F050124AC4005786D11AD0005F1E02575
:10338000C5F8004109E0047804F01F050124AC40B1
:10339000044D0678761145F8264070BD0CED00E02E
:1033A00000E400E080E100E002490143024A1160CC
:1033B000704700000000FA050CED00E01CB500208D
:1033C00001900121802000F0D3F94FF40060ADF8A6
:1033D000000010208DF8030003208DF802006946DC
:1033E0001D48FEF75AFE02211B48FEF7ECFE4FF483
:1033F0008060ADF8000048208DF80300694616484B
:10340000FEF74BFE4FF480611348FEF7DCFEFEF73B
:103410003FFB002011490860642004F04DFF0120AB
:103420000F49C1F8AC01642004F046FF012000F010
:1034300041F9012201A94FF4506000F019F89DF8FC
:10344000041008A0FCF76CFF9DF80400802801D14F
:1034500000201CBD0120FCE7001C0140AC81234280
:10346000008023424354502049443A25780D0A00F5
:103470002DE9F04105460F461646FEF7C5FBB22082
:10348000FEF790FBFEF70AFC2812FEF78BFBFEF717
:1034900005FCE8B2FEF786FBFEF700FCFEF7B4FB86
:1034A000B320FEF77FFBFEF7F9FB00240BE0711E53
:1034B000A14201D0012100E000210846FEF73AFBBD
:1034C0003855601CC4B2B442F1DBFEF7C3FBBDE863
:1034D000F08100002DE9F14F82B04FF0000AD34691
:1034E0006C480078401C6B490870084600780A2137
:1034F00090FBF1F201FB120018B1664800780A282F
:103500007EDA012202A90020FFF7B2FF9DF8080031
:1035100000F01F00002873D09DF8080000F01F0085
:1035200040F0C0005C4981F820004FF0000A76E0CE
:10353000594890F82000012101FA0AF108400028BA
:1035400069D0564931F81A00042201A9FFF790FF0B
:10355000514890F8300000F0010078B39DF8071052
:103560009DF8062001EB022006F0DDFA06464C4AE3
:103570004C4B06F03FFB044606F0A8FA81B24648E1
:10358000163020F81A109DF805109DF8042001EB64
:10359000022006F0C8FA0646434A444B06F02AFBCE
:1035A00080460022424B06F059FC044606F08EFA93
:1035B00081B239480C3020F81A102CE0FFE79DF852
:1035C00007109DF8062001EB022006F0ACFA064633
:1035D000334A344B06F00EFB044606F077FA81B20C
:1035E0002D480C3020F81A109DF805109DF8042085
:1035F00001EB022006F097FA06462B4A2B4B00E01F
:103600001DE006F0F7FA044606F060FA81B222489F
:10361000163020F81A100AF1010000F0FF0ABAF182
:10362000050F85DB4FF0010B1B48808920B91A4834
:10363000C08A08B9002002900020164908709DF841
:10364000080000F01F00D0B9134890F8200000F0E7
:10365000800040B1104890F8200020F080000E4912
:1036600081F820000BE04FF6FF700B498881C8827B
:10367000084690F8200000F0E00081F8200005489E
:103680000078F02802DD0A20024908705846BDE89B
:10369000FE8F00003A0000203C00002096C0000889
:1036A0007B14AE47E17AD43FD881734694F6D23F7B
:1036B0000000894038B50446002000900CB18020FD
:1036C0000090012269464FF4506000F001F838BDC7
:1036D0002DE9F04104460E4617464FF00008FEF76C
:1036E00093FAB220FEF75EFAFEF7D8FA2012FEF740
:1036F00059FAFEF7D3FAE0B2FEF754FAFEF7CEFA23
:1037000000250BE0705DFEF74DFAFEF7C7FA804624
:10371000B8F1000F00D003E0681CC5B2BD42F1DB78
:1037200000BFFEF797FA4046BDE8F0817047000001
:1037300029B1064AD2690243044BDA6104E0034A24
:10374000D2698243014BDA617047000000100240E9
:1037500029B1064A12690243044B1A6104E0034A84
:1037600012698243014B1A61704700000010024049
:1037700029B1064A92690243044B9A6104E0034A64
:1037800092698243014B9A61704700000010024029
:1037900029B1064AD2680243044BDA6004E0034AC6
:1037A000D2688243014BDA6070470000001002408B
:1037B00030B500210022002400232D4D6D6805F056
:1037C0000C0121B1042905D0082923D105E0294D98
:1037D000056022E0274D05601FE0254D6D6805F46A
:1037E0007012234D6D6805F48034022505EB92427A
:1037F0001CB9214D554305600BE01D4D6D6805F466
:1038000000351DB11C4D5543056002E0194D55436F
:10381000056002E0174D056000BF00BF144D6D68E4
:1038200005F0F0010909154D6B5C0568DD40456048
:103830000F4D6D6805F4E061090A104D6B5C456839
:10384000DD4085600A4D6D6805F46051C90A0B4D75
:103850006B5C4568DD40C560054D6D6805F4404111
:10386000890B074D6B5CC568B5FBF3F5056130BD91
:103870000010024000127A0000093D007400002090
:1038800084000020014988637047000000800140E7
:1038900001460020034A526B0A400AB1012000E0B1
:1038A000002070470080014010B500F017F810BDEF
:1038B0000021094B02689A601A46D1686FF30A0129
:1038C000D0E901231A43C3681A4303691A43114319
:1038D000014AD160704700000080014010B549489E
:1038E000406B00F4807070B347480078012814D111
:1038F0000020464908600C20486040208860002075
:10390000C8604FF4806008610846FFF7D1FF0C20C3
:10391000FEF7F6F93E49087002E000203C490870C5
:103920003848806B40F48070364988630846C06B25
:103930004CF23A3188433349C86301203549087055
:103940003348007810BDFFE70220FFF7A1FF68B100
:103950000220FFF797FF2B48C06B4CF23A318843A7
:103960002849C86302202A490870EBE70820FFF7BE
:103970008FFF68B10820FFF785FF2248C06B4CF22B
:103980003A3188431F49C863042021490870D9E7A8
:103990002020FFF77DFF68B12020FFF773FF194853
:1039A000C06B4CF23A3188431649C8630620184967
:1039B0000870C7E71020FFF76BFF68B11020FFF712
:1039C00061FF1048C06B4CF23A3188430D49C8631F
:1039D00005200F490870B5E74FF40070FFF758FF56
:1039E00070B14FF40070FFF74DFF0648C06B4CF20A
:1039F0003A3188430349C863072005490870A1E7A5
:103A000000209FE70080014031000020500300208B
:103A1000320000203300002070B50546002405E088
:103A2000601CC4B2C82C01DD002070BD02210E480C
:103A300000F01CF80028F3D029460B4800F022F8CB
:103A4000002405E0601CC4B2C82C01DD0020ECE7B6
:103A50000121054800F00AF80028F3D0024800F0E0
:103A60000EF8C0B2E1E70000003800400246002036
:103A700013890B400BB1012000E000207047014684
:103A80008889704781817047704710B500F002F84F
:103A900010BD00000CB50020019000903348006874
:103AA00040F480303149086000BF3048006800F4BD
:103AB000003000900198401C0190009818B90198BE
:103AC000B0F5A06FF1D12948006800F4003010B1C2
:103AD0000120009001E0002000900098012843D1CF
:103AE0002348006840F0100021490860084600683B
:103AF00020F0030008600846006840F002000860FB
:103B00001A484068194948600846406848600846B5
:103B1000406840F4806048600846406820F47C10AB
:103B200048600846406840F4E8104860084600686D
:103B300040F08070086000BF0C48006800F0007022
:103B40000028F9D00948406820F003000749486080
:103B50000846406840F00200486000BF03484068E3
:103B600000F00C000828F9D10CBD00000010024044
:103B7000002002402DE9FF4F93B007460D461C463A
:103B8000AA462046E21704EB5272D2102146E317F0
:103B900004EB5373DB10A4EBC3030BB1012300E070
:103BA00000231A44624302F0FF0B0C2C06D0102CA9
:103BB00004D0182C02D017B0BDE8F08F224601A91E
:103BC0001598FEF731FD00262FE001A810F80680B9
:103BD0004FF0000923E008F0800030B1154802885A
:103BE00029463846FFF778F807E0209828B91248A8
:103BF000028829463846FFF76FF84FEA48604FEAD7
:103C00001068681C85B2A5EB0A00A04203D1554696
:103C1000781C87B206E009F1010000F0FF09B9F154
:103C2000080FD8DB00BF701CC6B25E45CDDB00BFFD
:103C3000C1E7000024000020260000202DE9FE4FEF
:103C400007460E4691469A46DDE90D4B0C9DB84657
:103C50000296002001904CE0019870BB28788028E3
:103C600002DD0120019044E004EBD47108EB09026D
:103C7000A2EB6101B94202DA301986B247460298D6
:103C80005044001BB04200DA36E028780D2804D1F9
:103C9000301986B247466D1C07E0CDF800B02A788F
:103CA000234631463846FFF713FA6D1C204604EBD5
:103CB000D07107EB61018FB21BE0FFE7002001909C
:103CC00008EB0900001BB84202DA301986B24746F9
:103CD00002985044001BB04200DA0DE023462A4609
:103CE00031463846CDF800B0FFF744FFAD1C381917
:103CF00087B228780028AFD100BFBDE8FE8F000052
:103D00002DE9FE430746894615461C46DDF8288006
:103D100000262846FCF7D2FC86B2204604EBD07180
:103D2000491071438EB246450BDD0120CDE90054A8
:103D300002900E484388028849463846FFF77EFFC6
:103D400011E0A8EB060000EBD071C1F34F06012093
:103D50000649CDE9005402904B880A88F11988B2CF
:103D60004946FFF76BFFBDE8FE83000024030020F7
:103D7000042808D14FF0E021096941F004014FF017
:103D8000E022116107E04FF0E021096921F0040110
:103D90004FF0E022116170477047000010B51348E2
:103DA000006840F001001149086008464068104969
:103DB00008400E494860084600680E4908400B4913
:103DC00008600846006820F48020086008464068C3
:103DD00020F4FE0048604FF41F008860FFF755FE96
:103DE0004FF000600449086010BD00000010024060
:103DF0000000FFF8FFFFF6FE08ED00E010B501211E
:103E0000104800F0D7F800281AD00F480078401E5C
:103E10000D490870084601780CA0FCF781FAC8200B
:103E200004F04AFA0848007830B910A0FCF778FA94
:103E30000021044800F0A6F80121024800F09FF894
:103E400010BD000000040040000000200D0AB5B1C4
:103E5000C7B0CAFDD6B5CEAA25642CD5FDD4DAB537
:103E6000B9BCC6CAB10D0A0D0A0000000D0AB5B1F1
:103E7000C7B0CAFDD6B5CEAA302CBCC6CAFDCDEAA5
:103E8000B1CF0D0A0D0A00007FB505460C46012191
:103E90000220FFF74DFCADF80850ADF804400020BB
:103EA000ADF80A00ADF8060001A90C4800F0A0F832
:103EB00001221146094800F08EF81D208DF80000FF
:103EC00000208DF8010003208DF8020001208DF8FC
:103ED00003006846FFF730FA7FBD00000004004091
:103EE00010B501210A4800F065F801280AD10949F6
:103EF000086980470021064800F078F864210448EA
:103F000000F072F80121024800F039F810BD0000FD
:103F100000080040E00000207FB505460C46012166
:103F20002020FFF705FCADF80450ADF8004000205C
:103F3000ADF80600ADF8020069460E4800F058F8EA
:103F4000012211460B4800F046F80121094800F013
:103F500019F837208DF80C0000208DF80D00022094
:103F60008DF80E0001208DF80F0003A8FFF7E4F98B
:103F70007FBD000000140040CA4302827047CA435C
:103F80000282704721B1028842F00102028004E0FF
:103F900002884FF6FE731A40028070470146888CF3
:103FA000704702460020138A0B400BB1012000E04D
:103FB0000020704730B50246002000230024158AF7
:103FC00005EA0103958905EA010413B10CB101204A
:103FD00000E0002030BD1AB183890B43838102E0E9
:103FE00083898B43838170478185704781847047C3
:103FF000002202881D4B98420ED01D4B98420BD0D8
:10400000B0F1804F08D01B4B984205D01A4B984214
:1040100002D01A4B984204D14FF68F731A404B8846
:104020001A43174B984207D0164B984204D04FF6CC
:10403000FF431A40CB881A4302808B8883850B8804
:1040400003850A4B98420BD0094B984208D00E4B7F
:10405000984205D00D4B984202D00D4B984201D1A9
:104060000B7A03860123838270470000002C0140F5
:10407000003401400004004000080040000C0040F3
:104080000010004000140040004001400044014086
:10409000004801402DE9FC5F04460D4617461E46C8
:1040A000DDE90EABDDE90C894FF478405749088013
:1040B00057A01021CDE90010564843880288A0215E
:1040C0002820FFF7E3F854A01021CDE90010514853
:1040D00043880288A0217820FFF7D8F84FA010214C
:1040E000CDE900104B4843880288B4212820FFF70F
:1040F000CDF84BA01021CDE9001046484388028836
:10410000B4217820FFF7C2F846A01021CDE90010B5
:10411000404843880288C8212820FFF7B7F842A00A
:104120001021CDE900103B4843880288C82178203F
:10413000FFF7ACF83DA01021CDE9001035484388C9
:104140000288DC212820FFF7A1F839A01021CDE951
:104150000010304843880288DC217820FFF796F869
:1041600034A01021CDE900102A4843880288F021AC
:104170002820FFF78BF8102004232246A02100906E
:104180004020FFF739F8102004232A46A021009090
:104190009020FFF731F8102004233A46B421009014
:1041A0004020FFF729F8102004233246B421009064
:1041B0009020FFF721F8102004234246C8210090E8
:1041C0004020FFF719F8102004234A46C821009028
:1041D0009020FFF711F8102004235246DC210090B4
:1041E0004020FFF709F8102004235A46DC210090F4
:1041F0009020FFF701F8102003230090F0216020A9
:10420000109AFEF7F9FFBDE8FC9F00002400002093
:1042100078313A002403002079313A0078323A00AC
:1042200079323A0078333A0079333A0078343A00F8
:1042300079343A006661632069733A0000B597B03B
:10424000002012900B9012901F20FE4908804FF61C
:10425000FF70FD490880FEF735FC4FF47840F949BE
:1042600008804FF6FF70FEF72DFC0020F54908800E
:10427000F648006810216423A022CDE9001028210F
:104280000846FFF703F84FF478421421084600F07F
:1042900003FC0020EE4981F820004862CFE3EC489F
:1042A00040680A9001200A998847E94890F8200060
:1042B00000F0C00040286FD100200B90E44890F837
:1042C000200020F04000E24981F820000846818962
:1042D00013AA129822F82010DD48C18A129802EB26
:1042E000800041801298401CC0B2129012980128A0
:1042F00006D0022815D0032829D0042810D141E087
:104300004FF6FF721421084600F0C6FBD148008822
:10431000143880B24FF4784214210A9000F0BCFBAC
:104320007DE3CC480088143880B24FF6FF72142128
:104330000A9000F0B1FBC7484088143880B24FF4AF
:10434000784201460A90142000F0A6FB67E3C148BA
:104350004088143880B24FF6FF7201460A9014204C
:1043600000F09AFBBB484088143880B20A90B948E4
:104370000088143880B24FF4784209900A9900F00E
:104380008BFB4CE3BDF84C00BDF85010401A0A906E
:10439000002802DB0A9802E042E30A9840420F90AC
:1043A000BDF84E1013A8C088081A0A90002801DB37
:1043B0000A9801E00A9840420E900F9840430F90EF
:1043C0000E9840430E90DDE90E100844059005F06C
:1043D000C1FBCDE9060104F016F9CDE9080105F0AD
:1043E00075FB80B21190BDF85400BDF85810401A0A
:1043F0000A90002801DB0A9801E00A9840420F90D9
:1044000013A84189C089081A0A90002801DB0A987C
:1044100001E00A9840420E900F9840430F900E988A
:1044200040430E90DDE90E100844059005F092FB24
:10443000CDE9060104F0E7F8CDE9080105F046FBF7
:1044400080B21090109806F089F80990119806F043
:1044500085F80890099905F06BFF0A9005F0DAFEDF
:10446000CDE90C014FF066327B4BDDE90C0105F024
:1044700085FB0AD3794A7A4BDDE90C0105F0B8FCDB
:1044800003D3119808B11098F0BB00201290714826
:104490004088143880B20A906E480088143880B280
:1044A0004FF6FF7209900A9900F0F6FA4FF478423D
:1044B0001421084600F0F0FA00226A4BDDE90C01F5
:1044C00005F098FBCDE9080105F000FB80B213A9C7
:1044D0000A90C989BDF8582013AB5B89CDE9013238
:1044E000CDE90310BDF85400009013A8C0880990CE
:1044F000BDF850000890BDF84E000790BDF84C0084
:10450000069007A90EC900E002E0FFF7C3FD96E29E
:10451000BDF84C00BDF85410401A0A90002801DB89
:104520000A9801E00A9840420F90BDF84E1013A877
:104530004089081A0A90002801DB0A9801E00A98CD
:1045400040420E900F9840430F900E9840430E90BB
:10455000DDE90E100844059005F0FCFACDE90601EE
:1045600004F051F8CDE9080105F0B0FA80B21190DD
:10457000BDF85000BDF85810401A0A90002801DB21
:104580000A9801E00A9840420F9013A8C188C08998
:10459000081A0A90002801DB0A9801E00A984042B4
:1045A0000E900F9840430F900E9840430E90DDE917
:1045B0000E100844059005F0CDFACDE9060104F08F
:1045C00022F8CDE9080105F081FA80B21090109828
:1045D00005F0C4FF0990119805F0C0FF08900999F3
:1045E00005F0A6FE0A9005F015FECDE90C014FF08E
:1045F0006632194BDDE90C0105F0C0FA06D3174A03
:10460000174BDDE90C0105F0F3FB53D200201290AB
:1046100010484088143880B20A900E480088143838
:1046200080B24FF6FF7209900A9900F035FA4FF404
:1046300078421421084600F02FFA0022094BDDE9E8
:104640000C0111E02400002026000020A0C000087A
:104650003C000020240300206666EE3FCDCCCCCC8D
:10466000CCCCF03F0000594005F0C4FACDE9080178
:1046700005F02CFA80B213A90A90C989BDF8582018
:1046800013AB5B89CDE90132CDE90310BDF85400CD
:10469000009013A8C0880990BDF850000890BDF89C
:1046A0004E000790BDF84C00069007A90EC9FFF711
:1046B000F1FCC4E1BDF85000BDF85410401A0A9056
:1046C000002801DB0A9801E00A9840420F9013A8E5
:1046D000C1884089081A0A90002801DB0A9801E085
:1046E0000A9840420E900F9840430F900E98404316
:1046F0000E90DDE90E100844059005F02BFACDE987
:10470000060103F080FFCDE9080105F0DFF980B272
:104710001190BDF84C00BDF85810401A0A900028BE
:1047200001DB0A9801E00A9840420F90BDF84E1054
:1047300013A8C089081A0A90002801DB0A9801E032
:104740000A9840420E900F9840430F900E984043B5
:104750000E90DDE90E100844059005F0FBF9CDE957
:10476000060103F050FFCDE9080105F0AFF980B272
:104770001090109805F0F2FE0990119805F0EEFEE9
:104780000890099905F0D4FD0A9005F043FDCDE9A4
:104790000C014FF06632AC4BDDE90C0105F0EEF98F
:1047A00006D3AA4AAA4BDDE90C0105F021FB40D251
:1047B00000201290A7484088143880B20A90A5487B
:1047C0000088143880B24FF6FF7209900A9900F001
:1047D00063F94FF478421421084600F05DF9002295
:1047E0009D4BDDE90C0105F005FACDE9080105F066
:1047F0006DF980B213A90A90C989BDF8582013AB8E
:104800005B89CDE90132CDE90310BDF85400009079
:1048100013A8C0880990BDF850000890BDF84E005C
:104820000790BDF84C00069007A90EC9FFF732FCAF
:1048300005E1BDF85000BDF84C10401A089005F095
:1048400075FE0A90834800882838089005F06EFEAF
:1048500009900A9905F06CFD80494862BDF8500046
:10486000BDF84C100844059005F060FE06907B48AA
:10487000406A01460590069805F084FE0890754848
:104880000088069005F06AFE0790089905F046FF3B
:104890004FF08041099005F04BFD0A9005F00AFEAB
:1048A00000B26E49888513A84089BDF84E10401AA1
:1048B000089005F03BFE0A9066484088283808902A
:1048C00005F034FE09900A9905F032FD63498862CB
:1048D00013A84089BDF84E100844059005F026FE47
:1048E00006905E48806A01460590069805F04AFEEB
:1048F000089058484088069005F030FE07900899C7
:1049000005F00CFF4FF08041099005F011FD0A9071
:1049100005F0D0FD00B25149C8850846406A0890AC
:1049200005F0C8FD0990002801DB099801E009980D
:10493000404202280DDC4948806A089005F0BAFD23
:104940000A90002801DB0A9801E00A9840420228F8
:1049500042DD002012903F484088143880B20A900F
:104960003C480088143880B24FF6FF7209900A99CB
:1049700000F092F84FF478421421084600F08CF8C9
:1049800037A01021CDE90010324840880A90314804
:104990000088099002461A2128200A9BFEF776FC1F
:1049A0002E4890F8300008B9012000E000202B4983
:1049B00081F83000084690F8300030B190202D4941
:1049C0000870D0202C49087005E0D02029490870D3
:1049D00090202949087032E01F20284908804FF6AE
:1049E000FF70FEF76FF826A01021CDE900101948DE
:1049F00040880A9017480088099002466E212320BB
:104A00000A9BFEF743FC4FF47A7003F055FC00F06C
:104A100055FA4FF6FF70FEF755F817B000BD00BF0E
:104A20000A2003F049FC0B98401C80B20B900B98B5
:104A3000B0F57A7F02DD00F067F801E000BF2EE4F8
:104A400000BF00BFE9E700006666EE3FCDCCCCCCEE
:104A5000CCCCF03F24030020000059403C00002053
:104A60005450204E65656420726561646A75737484
:104A700021000000700000207100002024000020B0
:104A8000546F7563682053637265656E2041646A74
:104A9000757374204F4B210070B504460D461646C1
:104AA0001848068004F10D018AB2193988B22B46E4
:104AB0002946FEF73DF805F10D0083B2193881B2A1
:104AC00022462046FEF734F86A1C91B2621C90B26E
:104AD000FEF786F86A1C91B2621E90B2FEF780F86B
:104AE0006A1E91B2621C90B2FEF77AF86A1E91B209
:104AF000621E90B2FEF774F8062229462046FEF7A1
:104B00009FF870BD2400002010B53620FCF728FF68
:104B100004460A2C18D10E220C492820FCF70FFF5E
:104B20000A48243890F8300030B1902008490870C5
:104B3000D0200849087005E0D02005490870902071
:104B400004490870012010BD0020FCE7600000202F
:104B5000700000207100002008B55248808845F29E
:104B60001051884220D1FDF731FB18B94E484F490A
:104B7000486004E0FEF722FC4D484C4948604B4831
:104B800090F8300040F08000484981F83000084635
:104B900090F830004349897901F001010843434905
:104BA00081F83000002008BD3E48808841F663113E
:104BB000884218D1FDF7D6F83E483C49486008467F
:104BC00090F8300040F0800081F83000084690F8FE
:104BD00030003449897901F001010843334981F8F3
:104BE00030000020DFE701218820FEF7C1FD022010
:104BF000ADF8000010208DF8030003208DF80200AE
:104C000069462D48FDF749FA02212B48FDF7DBFAEA
:104C10000420ADF8000048208DF8030069462648BE
:104C2000FDF73BFA04212448FDF7CDFA4FF420604C
:104C3000ADF8000010208DF8030003208DF802006D
:104C400069461E48FDF729FA4FF420611B48FDF71D
:104C5000BAFA4FF48060ADF8000048208DF80300E8
:104C600069461648FDF719FA4FF480611348FDF7BD
:104C7000AAFA0E491631A1F10A0000F0A7F8FCF7D4
:104C80005AFEFFF741FF08B100208CE74FF6FF7096
:104C9000FDF718FFFFF7D2FAFFF736FF00BF01203C
:104CA00081E7000024030020712300083C0000205D
:104CB000D5340008AD1E0008000C0140001C014066
:104CC00070B506460025002400201E4908601E49D4
:104CD000C1F8A4011D490860304600F085F906209E
:104CE00003F010FB00201A49C1F88401012003F0F1
:104CF00009FB01201349086003F004FB002014495C
:104D0000C1F8840100BF15E04FF6FF7000EA4404CB
:104D100000200C490860012003F0F4FA01200C493E
:104D2000C1F8840107487C38006808B1601C84B26F
:104D3000681CC5B2102DE7DB24110120034908606F
:104D4000204670BD8481214200802342AC812342F1
:104D5000008021422DE9FE4380460027002406E022
:104D60004046FFF7ADFF2DF81400601C84B2052CFF
:104D7000F6DB002416E0601C85B20FE03DF814005D
:104D80003DF81510884207DD3DF814603DF8150028
:104D90002DF814002DF81560681C85B2052DEDDB8B
:104DA000601C84B2042CE6DB0027012405E03DF8FA
:104DB0001400384487B2601C84B2042CF7DB032053
:104DC00097FBF0F086B23046BDE8FE832DE9F04156
:104DD00004460D4607480078FFF7BCFF0646064824
:104DE0000078FFF7B7FF074626802F800120BDE837
:104DF000F081000070000020710000207FB50446A3
:104E00000D4602A903A8FFF7E1FF064616B90020E8
:104E100004B070BD694601A8FFF7D8FF06460EB979
:104E20000020F5E7BDF80400BDF80C10884206DC50
:104E3000BDF80C10BDF80400323081420CDBBDF827
:104E40000C00BDF80410884236DCBDF80410BDF833
:104E50000C00323081422FDABDF80000BDF8081096
:104E6000884206DCBDF80810BDF8000032308142EF
:104E70000CDBBDF80800BDF8001088421CDCBDF852
:104E80000010BDF808003230814215DABDF80C1070
:104E9000BDF80420881800EBD071C1F34F012180C8
:104EA000BDF80810BDF80020881800EBD071C1F3E0
:104EB0004F0129800120ABE70020A9E710B50E22A1
:104EC00004492820FCF778FD0A213620FCF786FDEE
:104ED00010BD0000600000202DE9F041044640486C
:104EE0000068002856D12CB13E49A1F10A00FFF715
:104EF00085FF3DE03B49A1F10A00FFF77FFFB8B312
:104F000038491639B1F92C0005F010FB0746354930
:104F10001639888905F022FB804632481638416AE6
:104F2000404605F02FFB0646394605F09FF9054639
:104F300005F0DCFA2B4916398881B1F92E0005F00D
:104F4000F5FA074627491639C88A05F007FB804657
:104F500024481638816A404605F014FB0646394657
:104F600005F084F9054605F0C1FA1E491639C882D4
:104F70001C48163890F8200000F0800038BBC02094
:104F80001849163981F82000084681898182C18A32
:104F9000C1831CE01348163890F8200000F0800010
:104FA00050B11048163890F8200020F080000D49CC
:104FB000163981F820000AE000210A48163881825B
:104FC000C1834FF6FF70074916398881C8820548AA
:104FD000163890F8200000F08000BDE8F081000055
:104FE000288123425200002070B50446002500BFEE
:104FF00017E004F0800018B101200B49086002E0BE
:105000000020094908606006040E00200749086076
:10501000012003F077F901200549C1F88401681CDB
:10502000C5B2082DE5DB70BDA481234284812142F5
:10503000008021427FB505460C4601210420FEF781
:1050400077FBADF80850ADF804400020ADF80A0039
:10505000ADF8060001A90D48FEF7CAFF0122412163
:105060000A48FEF7B8FF1E208DF8000003208DF8D7
:1050700001008DF8020001208DF803006846FEF75C
:105080005BF901210148FEF77DFF7FBD000800406C
:1050900010B540F225511D4800F0DDF810B31B4853
:1050A00000F094F9C4B21A48008800F40040C8B96E
:1050B0001748008800F4804060B10A2C03D000201B
:1050C0001349088020E01248008840F4004010494D
:1050D000088019E00D2C06D10D48008840F480406E
:1050E0000B49088010E00A480088C0F30D00094908
:1050F0000C5407480088401C054908800846008871
:10510000C72801DD0020088010BD000000380140E4
:10511000200000205C02002010B540F22551164806
:1051200000F099F8F8B1144800F050F9C4B21348EF
:10513000008800F40040B0B910480088B0F5167F30
:1051400012DA00210E48FEF751FF0C48008818B90A
:1051500001210B48FEF716FF08490888411C074A41
:10516000118008490C5405E00448008840F40040D0
:105170000249088010BD0000004800407200002075
:1051800000140040F805002021B1828942F4005249
:10519000828104E082894DF6FF731A408281704754
:1051A00010B504462048844209D101218803FEF746
:1051B000EFFA00214FF48040FEF7EAFA32E01B4894
:1051C000844209D101214804FEF7C2FA00214FF4BC
:1051D0000030FEF7BDFA25E01548844209D10121CF
:1051E0008804FEF7B5FA00214FF48020FEF7B0FAEC
:1051F00018E01048844209D10121C804FEF7A8FA3A
:1052000000214FF40020FEF7A3FA0BE00A48844285
:1052100008D101210805FEF79BFA00214FF4801008
:10522000FEF796FA10BD000000380140004400402F
:1052300000480040004C0040005000400246002062
:10524000B1F5007F00D100BF13880B400BB10120E6
:1052500000E00020704770B50246002400230025BE
:10526000002040F66A16B14200D100BFC1F34215DA
:1052700001F01F03012606FA03F3012D02D19689DE
:10528000334006E0022D02D1168A334001E0968AAF
:1052900033400C12012606FA04F41688344013B188
:1052A0000CB1012000E0002070BDF0B503460024E1
:1052B00000260025002040F66A17B94200D100BF41
:1052C0001846C1F3421401F01F06012707FA06F53C
:1052D000012C01D10C3004E0022C01D1103000E08F
:1052E00014301AB107682F43076002E00768AF4324
:1052F0000760F0BD2DE9F04786B005460E46002454
:10530000A24600BFA1460027B08900B100BF2F46CA
:105310002C8A4CF6FF700440F08804432C82AC8940
:105320004EF6F3100440B088318908437189084370
:105330000443AC81AC8A4FF6FF400440B08904437B
:10534000AC8201A8FEF734FA1F48874202D1DDF88B
:1053500010A001E0DDF80CA0A88900F4004040B1E5
:105360000AEBCA0000EB0A1031684900B0FBF1F803
:1053700007E00AEBCA0000EB0A1031688900B0FBB5
:10538000F1F86420B8FBF0F004012009642101FB6E
:105390001089A88900F4004040B1322000EBC90018
:1053A000B0FBF1F000F00700044308E0322000EB0E
:1053B00009106421B0FBF1F000F00F0004432C81D0
:1053C00006B0BDE8F087000000380140014688883B
:1053D000C0F308007047C1F308028280704700BF25
:1053E000FEE700002DE9F04106460C461746002076
:1053F0000F4908600320FEF70FFBC4F30740FEF7D8
:105400000BFBC4F30720FEF707FBE0B2FEF704FB3B
:10541000002505E0FF20FEF7FFFA7055681C85B2F5
:10542000BD42F7DB012002490860BDE8F0810000C1
:10543000B0812142490050EAC12018BF04204A0D22
:1054400018BF40F0010040F2FF72B2EB515F08BF9D
:1054500040F00200012808BF0520704730380A28B4
:1054600001D20120704700207047014600BF7047FD
:105470002DE9F04F89B00027B84640F2E73600200A
:10548000049081468246642103F09CF8054632224E
:10549000EAA1EBA001F0C0FCEC480368EC48EDA1E8
:1054A00002682846FAF748FF721CE4A1284601F07A
:1054B000B3FCEE480368EE48EEA102682846FAF70E
:1054C0003BFF721CF0A1284601F0A6FC00BF14228D
:1054D000F0A1F2A001F0A0FC0028F8D100BF142236
:1054E000F1A1EEA001F098FC0028F8D14FF6FF7072
:1054F000FDF7E8FA4FF47840ED49088000201021CC
:10550000ECA20B46CDE900210290C8221E210846DC
:10551000FEF794FB3222C9A1ECA001F07DFC4FF410
:10552000FA7002F0C9FEEC48ECA102682846FAF7CE
:1055300003FF3222C1A1284601F06EFC4FF4FA703D
:1055400002F0BAFE3222BDA1E9A001F065FC00BF65
:10555000EB481E210268322001F0F2FA044604F002
:10556000020000284DD04FF6FF70FDF7ABFA4FF464
:105570007840CF490880F0201023E2A21E2100903D
:105580000020FEF7BDFB00200C21E4A21023CDE992
:1055900000210290C82232211E20FEF74FFB05ABEE
:1055A000CD48E6A10268E7A000F056FD00B1CFE7C4
:1055B000C94805AAE9A103682846FAF7BDFE4FF6D7
:1055C000FF70FDF77FFAF0201023CEA21E2100907D
:1055D0000020FEF795FB00200C21D0A21023CDE97E
:1055E00000210290C82232211E20FEF727FBC8228C
:1055F00092A1284601F010FC204600F02BFF044643
:1056000061E004F00100002859D04FF6FF70FDF76B
:1056100059FA4FF47840A6490880F0201023D6A20A
:105620001E2100900020FEF76BFB00200C21BBA286
:105630001023CDE900210290C82232211E20FEF75E
:10564000FDFAD34850F8241005ABA3480268D1A056
:1056500000F002FD00B17BE79F4805AAD2A10368D4
:105660002846FAF769FE1EE04FF6FF70FDF72AFAAA
:105670004FF478408E490880F0201023D1A22821D1
:1056800000900020FEF73CFBF0200C23D1A250211B
:1056900000900020FEF734FB0020FDF7AFF907462D
:1056A000042F00D154E7C82264A1284601F0B4FBBE
:1056B0000028D9D1204600F0CDFE044603E0204664
:1056C00000F0C8FE04464FF6FF70FDF7FBF94FF4FB
:1056D000784077490880F0201023C5A21E21009051
:1056E0000020FEF70DFB00200C218CA21023CDE939
:1056F00000210290C82232210F20FEF79FFA4FF6B8
:10570000FF703E23EF22322100900F20FDF7A2FB15
:10571000F0200C23BDA2322100900020FEF7F0FA09
:105720004FF6FF705C23EF22502100900F20FDF711
:1057300091FB41210F2000F047FB00200C21BDA26E
:105740000B46CDE900210290C8225F210F20FEF711
:1057500075FA00200C21BAA20B46CDE90021029077
:10576000C8226E210F20FEF769FA00200C21B7A293
:105770000B46CDE900210290C8226E218720FEF75A
:105780005DFA00200C21B3A20B46CDE90021029066
:10579000C8227D210F20FEF751FA00200C21B0A273
:1057A0000B46CDE900210290C8228C210F20FEF784
:1057B00045FA2E480068AD490968CDE900102C482B
:1057C000ABA2C32103680F2002F08CF81F203849D8
:1057D000088000210C2204F003006D4B53F82000D8
:1057E0001346CDE901210090C8226E213F20FEF72B
:1057F00025FA00210C222011654B53F82000134696
:10580000CDE901210090C8226E21B120FEF716FAE1
:1058100000209D49088026E20020FDF7EFF80746AA
:10582000042F02D1002004901EE2012F04D10A208F
:1058300096FBF0FB5A4629E149E100004F4B00007E
:1058400041542B43574D4F44453D3300EC0100205C
:10585000E401002041542B43575341503D2225730E
:10586000222C222573222C312C340000E001002050
:10587000D801002041542B43574A41503D22257303
:10588000222C2225732200005749464920474F54B5
:1058900020495000535441495000000041542B43CB
:1058A000494653520000000041504950000000009A
:1058B0002400002041544B2D4553502041502B5380
:1058C0005441C4A3CABDB2E2CAD4000041542B4320
:1058D00049504D55583D3100D401002041542B43CF
:1058E00049505345525645523D312C257300000016
:1058F00041542B43495053544F3D31323030000016
:10590000F001002041544B2D455350205749464942
:105910002D535441B2E2CAD400000000D5FDD4DAC0
:10592000C5E4D6C341544B2D455350C4A3BFE92C05
:10593000C7EBC9D4B5C82E2E2E000000554450C464
:10594000A3CABD00574946492D535441D4B6B6CBDE
:10595000554450204950C9E8D6C3000041542B4358
:10596000495053544152543D302C22554450222C1E
:10597000222573222C25730041544B2D4553502072
:10598000574946492D53544120B2E2CAD400000081
:10599000FC010020574946492D53544120D4B6B646
:1059A000CB4950C9E8D6C30041542B434950535406
:1059B0004152543D302C22544350222C2225732234
:1059C0002C257300574B5F55503AB7B5BBD8D6D886
:1059D000D1A1000041544B2D45535020C1ACBDD343
:1059E00054435020536572766572CAA7B0DC00003C
:1059F00041544B2D45535020574946492D5354414E
:105A00002B415020B2E2CAD400000000574B5F5532
:105A1000503ACDCBB3F6204B4559303A494430B7D4
:105A2000A2CBCD204B4559313A494431B7A2CBCD19
:105A300000000000C1ACBDD3D7B4CCAC3A0000002C
:105A4000535441C4A3CABD3A000000004150C4A34E
:105A5000CABD3A00B7A2CBCDCAFDBEDD3A000000F8
:105A6000BDD3CAD5CAFDBEDD3A000000DC0100206E
:105A7000C7EBC9E8D6C3C2B7D3C9C6F7CEDECFDFFE
:105A8000B2CECAFDCEAA3A00720000207BA1284601
:105A9000FAF752FC00200C210B46C822CDE9005138
:105AA00002907D214520FEF7C9F8C822AFF274218B
:105AB00079A001F0B1F9C82002F0FEFB6422AFF238
:105AC0008421284601F0E2F94FF0640825E0022F16
:105AD00023D10A2096FBF0FB5A4673A12846FAF719
:105AE0002BFC00200C210B46C822CDE9005102906E
:105AF0007D214520FEF7A2F8C822AFF2C02171A097
:105B000001F08AF9C82002F0D7FB6422AFF2D42159
:105B1000284601F0BBF94FF06408B8F1000F03D03C
:105B2000A8F1010000F0FF08B8F1010F08D14FF60D
:105B3000FF707A23EF227D2100905420FDF78AF92F
:105B4000701C86B20A2002F0B7FB6248008800F49D
:105B5000004000284AD05F480088C0F30E090020AA
:105B60005D4901F809005DA0FAF7DAFB4A465CA13D
:105B70002846FAF7E1FB4FF6FF708223EF228C21D3
:105B800000904520FDF766F94FF61F00594908803F
:105B900000200C210B469C22CDE9005102908C2163
:105BA0004520FEF74BF81F20524908804FF6FF7042
:105BB00040F23F13EF229B2100900F20FDF74AF99E
:105BC00000200C21444ABE23CDE900210290B422DA
:105BD0009B210F20FEF732F800203E490880BAF1E1
:105BE0002B0F02D04FF47A7600E00026B6F57A7FCC
:105BF00028D14FF6FF708A23EF227D2100904520A7
:105C0000FDF728F900F0BEF88246BAF12B0F0CD14F
:105C100000200C2138A20B46CDE900210290C822B9
:105C20005F214520FEF70AF80BE000200C2135A289
:105C30000B46CDE900210290C8225F214520FDF7E7
:105C4000FDFF0026142096FBF0F100FB116038B92F
:105C50002F48006808B9012000E000202C490860A6
:105C6000012000F057F8D7E500BF2946002002F0D8
:105C700097FC049809B0BDE8F08F000041544B2D0B
:105C800038323636C4A3BFE9494430B7A2CAFDBE94
:105C9000DD253032640D0A0041542B4349505345F1
:105CA0004E443D302C32350041544B2D383236367F
:105CB000C4A3BFE9494431B7A2CAFDBEDD253032D5
:105CC000640D0A0041542B43495053454E443D3125
:105CD0002C32350072000020F805002025730000EA
:105CE000CAD5B5BD2564D7D6BDDA2CC4DAC8DDC89F
:105CF000E7CFC20024000020C1ACBDD3B3C9B9A610
:105D000000000000C1ACBDD3CAA7B0DC0000000099
:105D10009481214210B504460A48008800F40040EE
:105D200070B1002007490988C1F30E01064A50549A
:105D3000114606A0FAF7F4FA14B1002001490880D0
:105D400010BD000072000020F8050020257300003F
:105D500070B5044600250948008800F4004058B199
:105D6000002006490988C1F30E01054A5054214616
:105D70001046FAF791FC0546284670BD72000020D7
:105D8000F805002070B501F00FF808B1002070BDD3
:105D9000322205A105A001F03FF808A0FFF7D8FFC7
:105DA00005462C782046F2E73A00000041542B4388
:105DB0004950535441545553000000002B4349505F
:105DC0005354415455533A002DE9FE4F82468946BB
:105DD0002021002002F0F6FB04462021002002F0E2
:105DE000F1FB05462021002002F0ECFB07462021B4
:105DF000002002F0E7FB80462021002002F0E2FBB9
:105E0000064632222FA130A001F006F818B100207A
:105E100088F8000054E02FA0FFF79AFF04462FA156
:105E2000A01DFAF739FC05462F460020287004F122
:105E300006082B4842462BA103683046FAF77CFA45
:105E400000200C210B46C822CDE900610290494692
:105E50005046FDF7F3FE28A1781CFAF71DFC044616
:105E60001EA1E01DFAF718FC05460020287004F179
:105E700007081B48424622A103683046FAF75CFA3D
:105E800000200C210B46C822CDE90061029009F1E7
:105E90000F015046FDF7D2FE2146002002F080FBA4
:105EA0002946002002F07CFB3946002002F078FBF6
:105EB0004146002002F074FB3146002002F070FBE6
:105EC000BDE8FE8F4F4B000041542B4349465352CF
:105ED00000000000415049502C2200002200000028
:105EE000D401002041502049503A257320B6CBBF41
:105EF000DA3A25730000000053544149502C220027
:105F00005354412049503A257320B6CBBFDA3A2585
:105F1000730000002DE9F041074688460026374807
:105F2000416800208847354890F8200000F0800044
:105F3000002850D000244BE0002529E02F4881891B
:105F400005EB850007EB0010503081421EDA2B482C
:105F5000808905EB850107EB0111884216DD274892
:105F6000C18AC4EBC40008EB80001C3081420DDA0A
:105F70002248C08AC4EBC40108EB8101884205DDD8
:105F800004EB44002844401CC6B203E0681C85B200
:105F9000032DD3DB00BFCEB119480078B04201D148
:105FA000002612E016480078401EC2B20023414687
:105FB000384600F027F9124806700078401EC2B239
:105FC00001234146384600F01DF903E0601C84B20D
:105FD000052CB1DB0EE00A48007858B1084800787B
:105FE000401EC2B200234146384600F00BF90020A3
:105FF000034908703046BDE8F08100003C000020F5
:106000005802002070B5054632220DA10DA000F007
:1060100003FF10B10020287070BD0DA0FFF798FE9F
:1060200004460BA1601CFAF737FB064600203070CF
:10603000621C08A12846FAF77FF900BFECE70000D0
:106040004F4B000041542B4349465352000000007F
:1060500022000000257300002DE9FE4F0746884608
:1060600091461E464FF0000BDA4600254FF6FF70B2
:10607000FCF728FD4FF4784053490880F0201023A6
:106080003A461E2100900020FDF73AFE0020102124
:106090004EA20B46CDE900210290C8225A211E20B3
:1060A000FDF7CCFD002010214BA20B46CDE90021CD
:1060B0000290C8226E211E20FDF7C0FD0020102195
:1060C00047A20B46CDE900210290C82282211E2062
:1060D000FDF7B4FD44A04649086046A04860B421DD
:1060E000002000F025F91F203749088000201021EA
:1060F0000B46C822CDE9008102905A216620FDF7A7
:106100009DFD002010210B46C822CDE90091029090
:1061100082214620FDF792FD002030704EE0B42130
:106120000020FFF7F7FE04468CB30C2C0BDA0F2D82
:1061300017DA601E314951F8200002782846691CA0
:10614000CDB232540DE00D2C02D10DB1681EC5B296
:106150000E2C01D105B132E00F2C02D14FF0010B12
:106160002DE0002070554FF6FF707E23EF226E2148
:1061700000905620FCF76EFE002010210B46C8222E
:10618000CDE9006102906E215620FDF757FD0AF11E
:10619000010000F0FF0ABAF1140F09D14FF0000A14
:1061A0001748006808B9012000E000201449086081
:1061B0000A2002F081F80120FFF7ACFDAFE700BF35
:1061C0005846BDE8FE8F000024000020B9A4D7F790
:1061D000C4A3CABD3A0000004950B5D8D6B73A00AA
:1061E000B6CBBFDA3A000000C1ACBDD3000000005E
:1061F00050020020B7B5BBD8000000001C020020F0
:10620000948121422DE9F84304460D469046994673
:10621000032098FBF0F086B2032098FBF0F100FB1E
:10622000118087B2B8F10F0F01DDBDE8F883B9F135
:10623000000F25D04FF4FC60C6EBC60C05EB8C0CB0
:106240000CF11A0C1FFA8CF307EB870C04EB0C1CF7
:106250000CF14E0C1FFA8CF2C6EBC60C05EB8C0C45
:106260000CF1010C1FFA8CF107EB870C04EB0C1CF2
:106270000CF1010C00901FFA8CF0FCF7EBFD24E010
:106280004FF6FF70C6EBC60C05EB8C0C0CF11A0C2C
:106290001FFA8CF307EB870C04EB0C1C0CF14E0C73
:1062A0001FFA8CF2C6EBC60C05EB8C0C0CF1010C42
:1062B0001FFA8CF107EB870C04EB0C1C0CF1010CA2
:1062C00000901FFA8CF0FCF7C5FDC7B1032E16DD58
:1062D0005020A8F10D03DFF850C000905CF8232097
:1062E000AB1D4FF01C0C0CFB063399B207EB870378
:1062F00004EB031398B21023FDF702FD12E05020C7
:106300000A4B009053F82820AB1D4FF01C0C0CFBDF
:10631000063399B207EB870304EB031398B21023FB
:10632000FDF7EEFC00BF80E7500200201C020020B9
:106330002DE9F84305460C464FF478404249088061
:106340004FF6FF70009004F18C0083B205F1F0006D
:1063500082B221462846FCF77DFD04F18C0083B211
:1063600005F1F00082B221462846FCF74BFC04F10F
:106370008C018BB205F1A0018AB2503988B2214656
:10638000FCF740FC04F1380083B205F1F00082B262
:1063900004F11C0081B22846FCF734FC04F17000C3
:1063A00083B205F1F00082B204F1540081B22846B4
:1063B000FCF728FC1F2024490880002640E00D2E11
:1063C0001DDA032096FBF0F1A01D1C2202FB010048
:1063D00087B2032096FBF0F100FB116000EB800018
:1063E00005EB00101FFA80F850200090174850F875
:1063F0002620102339464046FDF782FC1EE003208C
:1064000096FBF0F1A01D1C2202FB010087B20320C5
:1064100096FBF0F100FB116000EB800005EB001033
:106420001FFA80F850200090A6F10D00084951F89D
:106430002020102339464046FDF762FC701C86B2CE
:106440000F2EBCDBBDE8F883240000201C020020D6
:106450005002002070B588B004462021002002F0D0
:10646000B1F8064600BF51481E214268322000F0B4
:1064700067FB44EA0010C4B204F0200000282BD0CF
:106480004FF6FF70FCF71EFB04AB494849A10268B8
:106490004AA0FFF7E1FD00B1E5E704F0030038B1E1
:1064A000434804AA4BA103683046F9F745FF06E0CC
:1064B0003F4804AA4EA103683046F9F73DFFC820C3
:1064C00001F0FAFE4FF6FF70FCF7FCFAC8224FA16C
:1064D000304600F0A1FC61E004F0100000285DD01F
:1064E0004FF6FF70FCF7EEFA4FF478404849088009
:1064F000F020102347A21E2100900020FDF700FC91
:1065000000200C2149A21023CDE900210290C822CD
:1065100032211E20FDF792FB04AB25484BA10268F7
:106520004DA0FFF799FD00B19DE704F0030038B1DD
:106530001F4804AA4DA103683046F9F7FDFE06E0A6
:106540001B4804AA50A103683046F9F7F5FE1EE087
:106550004FF6FF70FCF7B6FA4FF478402C490880EC
:10656000F02010234FA2282100900020FDF7C8FB47
:10657000F0200C234FA2502100900020FDF7C0FB1B
:106580000020FCF73BFA0546042D00D16BE7C8223A
:106590001EA1304600F040FC0028D9D13146002031
:1065A00001F0FEFF204608B070BD0000F0010020A1
:1065B000D4010020554450C4A3CABD0057494649E0
:1065C0002D4150D4B6B6CB554450204950C9E8D6D9
:1065D000C300000041542B43495053544152543D91
:1065E000312C22554450222C222573222C25730055
:1065F00041542B43495053544152543D302C225561
:106600004450222C222573222C2573004F4B00006E
:106610002400002041544B2D4553502057494649F2
:106620002D53544120B2E2CAD4000000D5FDD4DA83
:10663000C5E4D6C341544B2D455350C4A3BFE92CE8
:10664000C7EBC9D4B5C82E2E2E00000054435020ED
:10665000436C69656E740000574946492D415020CE
:10666000D4B6B6CB4950C9E8D6C3000041542B4339
:10667000495053544152543D312C22544350222C02
:10668000222573222C25730041542B434950535427
:106690004152543D302C22544350222C2225732247
:1066A0002C257300574B5F55503AB7B5BBD8D6D899
:1066B000D1A1000041544B2D45535020C1ACBDD356
:1066C00054435020536572766572CAA7B0DC00004F
:1066D0002DE9FE4307460C4691462021002001F09B
:1066E00071FF05462021002001F06CFF06462021A5
:1066F000002001F067FF80461F209C49088014227B
:106700009BA19CA000F088FB142299A19CA000F002
:1067100083FB4FF47A7001F0CFFD4FF47A7001F0F3
:10672000CBFD4FF47A7001F0C7FD4FF47A7001F0A1
:10673000C3FD95480368954895A102682846F9F776
:10674000FBFD4FF47A728AA1284600F065FBB9F18F
:10675000000F7DD1142286A193A000F05DFB94A0D0
:10676000FFF7F6FA054696A105F10C00F9F794FF3C
:10677000064600203070102192A20B46CDE9002180
:106780000290F02221463846FDF758FA00211022E7
:1067900005F10C00CDE90121009007F1480188B214
:1067A0001346F0222146FDF749FA142288A18BA056
:1067B00000F032FB85A0FFF7CBFA05460020102140
:1067C00089A2CDE90021029004F1100081B21023CA
:1067D000F0223846FDF732FA00211022687831386D
:1067E000844B53F82000CDE90121009004F1100200
:1067F00091B207F1480290B21023F022FDF71EFA81
:1068000014227DA17EA000F007FB80A0FFF7A0FA74
:1068100005467EA1681CF9F73FFF0646B0460020FA
:10682000307010217AA2CDE90021029004F12000FD
:1068300081B21023F0223846FDF700FA0021102221
:10684000681CCDE90121009004F1200291B200E022
:106850007DE007F1380290B21023F022FDF7EEF947
:106860006AA108F10100F9F717FF054667A1681C46
:10687000F9F712FF0646B04600203070102166A2DC
:10688000CDE90021029004F1300081B21023F02202
:106890003846FDF7D3F900211022681CCDE901210B
:1068A000009004F1300291B207F1280290B2102357
:1068B000F022FDF7C3F95AA108F10100F9F7ECFE47
:1068C000054657A1681CF9F7E7FE06460020307020
:1068D000102154A2CDE90021029004F1400081B2C0
:1068E0001023F0223846FDF7A9F900211022681C78
:1068F000CDE90121009004F1400291B207F1380284
:1069000090B21023F022FDF799F90020102147A240
:10691000CDE90021029004F1500081B21023F02251
:106920003846FDF78BF90021102270783038424B41
:1069300053F82000CDE90121009004F1500291B2FA
:1069400007F1480290B21023F022FDF777F92946AB
:10695000002001F025FE3146002001F021FE4146D5
:10696000002001F01DFEBDE8FE8300002400002091
:106970004F4B000041542B43574D4F44453D32008F
:1069800041542B5253540000EC010020E40100203C
:1069900041542B43575341503D222573222C22252D
:1069A00073222C312C34000041542B474D520000EF
:1069B00053444B2076657273696F6E3A0000000095
:1069C00028000000B9CCBCFEB0E6B1BE3A00000021
:1069D0002B43574D4F44453A0000000041542B4390
:1069E000574D4F44453F0000CDF8C2E7C4A3CABD90
:1069F0003A000000F00100202B43575341503A0069
:106A000041542B43575341503F00000022000000E7
:106A100053534944BAC53A00C3DCC2EB3A00000004
:106A20002C000000CDA8B5C0BAC53A00BCD3C3DC69
:106A3000B7BDCABD3A000000080200203EB50546B9
:106A40000C464FF6FF70FCF73DF84FF478402549AF
:106A50000880F020102324A2214600900020FDF79A
:106A60004FF90020102127A2CDE90021029004F166
:106A7000190081B21023C8222846FDF7DFF8002054
:106A8000102122A2CDE90021029004F12D0081B253
:106A90001023C8222846FDF7D1F80020102120A29B
:106AA000CDE90021029004F1410081B21023C822F7
:106AB0002846FDF7C3F8002010211DA2CDE90021D2
:106AC000029004F1550081B21023C8222846FDF738
:106AD000B5F804F17D0081B200222846FFF7F8FDE9
:106AE0003EBD00002400002041544B5F4553503808
:106AF0003236362057494649C4A3BFE9B2E2CAD468
:106B000000000000C7EBD1A1D4F13A004B45593049
:106B10003A57494649205354412B41500000000048
:106B20004B4559313A5749464920535441000000DA
:106B3000574B5F55503A5749464920415000000095
:106B40002DE9FE4F06460C4690460027B946002523
:106B50004FF6FF70FBF7B6FF4FF478407749088097
:106B60003221002001F02EFD8246424674A150469B
:106B7000F9F7E2FBF0201023524621460090002056
:106B8000FDF7BEF80020102171A2CDE9002102908E
:106B900004F11E0081B21023C8223046FDF74EF8E2
:106BA000002010216DA2CDE90021029004F13200F5
:106BB00081B21023C8223046FDF740F80020102192
:106BC00069A2CDE90021029004F1460081B21023B0
:106BD000C8223046FDF732F80020102165A2CDE929
:106BE0000021029004F1640081B21023C8223046D3
:106BF000FDF724F81F2051490880002010215FA2D2
:106C0000CDE90021029004F1780291B206F1100260
:106C100090B21023C822FDF711F8002010215AA2CB
:106C2000CDE90021029004F18C0291B206F110022C
:106C300090B21023C822FDF701F80020102155A2C0
:106C4000CDE90021029004F1A00291B206F11002F8
:106C500090B21023C822FCF7F1FF4FF47840374977
:106C60000880002010214DA2CDE90021029004F1FE
:106C7000780081B21023C8223046FCF7DFFF53E0D2
:106C80000020FBF7BBFE0746002F37D0042F00D1B2
:106C90004BE00020102142A2CDE90021029005EB3B
:106CA000850204F1780000EB820081B21023C82233
:106CB0003046FCF7C3FF012F06D1022D02DA681C13
:106CC000C5B209E0002507E0022F05D1002D02DD45
:106CD000681EC5B200E00225002010212FA2CDE9D8
:106CE0000021029005EB850204F1780000EB8200A0
:106CF00081B21023C8223046FCF7A0FF0A2001F021
:106D0000DBFA0120FFF706F84846411C01F0FF09B5
:106D1000142809D14FF000092248006808B9012061
:106D200000E000201F490860AAE700BF514600208C
:106D300001F036FC2846BDE8FE8F0000240000204C
:106D4000257320B9A4D7F7C4A3CABDD1A1D4F1003B
:106D50004B4559303ACFC2D2BBB8F6004B455931FA
:106D60003AC9CFD2BBB8F600574B5F55503AC8B7B7
:106D7000B6A80000C7EBD1A1D4F13A00544350B7F4
:106D8000FECEF1C6F7000000544350BFCDBBA7B6FE
:106D9000CB000000554450C4A3CABD00A1FA0000B6
:106DA000202000009481214210B500BF17480088C0
:106DB00000F040000028F9D02B201449091D08805C
:106DC0000F2001F079FA00BF1048008800F0400061
:106DD0000028F9D02B200D49091D08800F2001F053
:106DE0006BFA00BF0948008800F040000028F9D085
:106DF0002B200649091D08804FF4FA7001F05CFA57
:106E0000142203A103A000F007F810BD00480040C1
:106E10004F4B0000415400002DE9F04106460D465D
:106E200014460027002013490880314612A001F0C3
:106E300011FCE5B1DCB113E00A2001F03DFA0D4888
:106E4000008800F4004058B12846FEF781FF20B1C9
:106E500029460BA0F9F764FA06E0002005490880EE
:106E6000601E80B20400E7D100BF04B90127384694
:106E7000BDE8F0817200002025730D0A00000000BB
:106E800061636B3A25730D0A000000002DE9F041A3
:106E900006460D4614460027002011490880314659
:106EA00010A001F0D7FBC5B1BCB10FE00A2001F082
:106EB00003FA0B48008800F4004038B12846FEF77A
:106EC00047FF00B106E0002005490880601E80B23F
:106ED0000400EBD100BF04B901273846BDE8F081BA
:106EE00072000020257300000EB54FF4784053491E
:106EF0000880F020102352A21E2100900020FCF7F1
:106F0000FFFE2BE0FFF750FFC82254A154A0FFF76B
:106F100083FF0020102156A20B46CDE900210290EC
:106F2000C82237212820FCF789FE4FF4487001F071
:106F3000C3F94FF6FF704723C8223721009028205D
:106F4000FBF788FF002010214DA20B46CDE9002160
:106F50000290C82237212820FCF770FE14223FA19E
:106F60004BA0FFF759FF0028CCD100BF14223BA152
:106F700048A0FFF751FF0028F8D11E212020FFF77D
:106F80005DFD59E00A2001F097F90120FEF7C2FEED
:106F90000020FBF733FD0446002C3DD04FF6FF7078
:106FA000FBF790FD4FF4784024490880012C04D071
:106FB000022C15D0042C29D125E0F020102337A273
:106FC0001E2100900020FCF79BFEF0200C233AA22B
:106FD000322100900020FCF793FEFEF749FA15E0FD
:106FE000F02010233DA21E2100900020FCF788FE17
:106FF000F0200C2330A2322100900020FCF780FE0C
:1070000000F0F4FC02E000F077F800BF00BF1E21A2
:107010002020FFF713FD0025142095FBF0F100FB65
:10702000115038B93348006808B9012000E0002049
:1070300030490860681CC5B2A4E7000024000020A5
:1070400041544B2D45535038323636205749464926
:10705000C4A3BFE9B2E2CAD4000000004F4B000055
:1070600041542B4349504D4F44453D3000000000F2
:10707000CEB4BCECB2E2B5BDC4A3BFE9212121006E
:10708000B3A2CAD4C1ACBDD3C4A3BFE92E2E2E0077
:1070900041540000415445300000000041544B2D44
:1070A00045535020574946492D41502B53544120B8
:1070B000B2E2CAD400000000D5FDD4DAC5E4D6C3DC
:1070C00041544B2D45535038323636C4A3BFE9A343
:1070D000ACC7EBC9D4B5C82E2E2E000041544B2DA1
:1070E00045535020574946492D53544120B2E2CAD6
:1070F000D4000000948121422DE9F04F89B0002492
:10710000A04640F2E73600200490814682462021C6
:1071100001F058FA054600BFF7481E2142683220A8
:10712000FFF70EFD044604F00200002840D04FF6A1
:10713000FF70FBF7C7FC4FF47840F0490880F0205F
:107140001023EFA21E2100900020FCF7D9FD0020A3
:107150000C21F1A21023CDE900210290C822322196
:107160001E20FCF76BFDF44850F8241005ABF348E3
:107170000268F3A0FEF770FF00B1CDE7EF4805AA63
:10718000F5A103682846F9F7D7F86422F9A1FAA017
:10719000FFF742FE4FF6FF70FBF794FC00BF4FF481
:1071A000FA72F4A12846FFF737FE0028F7D18FE0E6
:1071B00004F0010000285FD04FF6FF70FBF782FC5F
:1071C0004FF47840CD490880F0201023CCA21E2136
:1071D00000900020FCF794FD00200C21CEA210238B
:1071E000CDE900210290C82232211E20FCF726FDA5
:1071F000D14850F8241005ABD0480268E1A0FEF752
:107200002BFF00B188E71422DAA1DBA0FFF704FE10
:10721000CA4805AAE0A103682846F9F78DF81EE0E0
:107220004FF6FF70FBF74EFC4FF47840B3490880EF
:10723000F0201023DFA2282100900020FCF760FD41
:10724000F0200C23DFA2502100900020FCF758FD15
:107250000020FBF7D3FB0746042F00D15CE7C822D0
:10726000C4A12846FFF7D8FD0028D9D1C822C1A162
:10727000DBA0FFF7D1FD2BE04FF6FF70FBF722FC00
:107280004FF478409D490880F02010239CA21E21D5
:1072900000900020FCF734FD00200C219EA210235A
:1072A000CDE900210290C82232211E20FCF7C6FC45
:1072B0001422B0A1CEA0FFF7AFFDA048CFA1026875
:1072C0002846F9F739F81422AAA12846FFF7A4FDA9
:1072D0004FF6FF70FBF7F6FB4FF4784087490880C4
:1072E000F020102386A21E2100900020FCF708FD4C
:1072F00000200C2188A21023CDE900210290C82291
:1073000032211E20FCF79AFC4FF6FF703E23EF223D
:10731000322100901E20FBF79DFD00200C21BCA215
:107320001023CDE900210290C82232211E20FCF753
:1073300085FCC82000F0C0FF00200C21BAA2102359
:10734000CDE900210290C82232211E20FCF776FCF4
:107350004FF6FF705C23EF22502100901E20FBF7B8
:1073600079FD05A8FEF74EFE744805AAB6A103688C
:107370002846F8F7E1FF00200C210B46C822CDE992
:107380000051029041211E20FCF758FC00200C21E6
:10739000B2A20B46CDE900210290C82250211E2046
:1073A000FCF74CFC00200C21AEA20B46CDE90021DD
:1073B0000290C82250217820FCF740FC00200C21CC
:1073C000AAA20B46CDE900210290C82264211E200A
:1073D000FCF734FC00200C21A7A20B46CDE90021CC
:1073E0000290C82273211E20FCF728FCA5480068E3
:1073F000A5490968CDE90010A448A5A2B4210368F5
:107400001E2000F06FFA1F203C49088000210C224A
:10741000494850F824001346CDE901210090C822C4
:1074200050219620FCF70AFC00209F49088027E2A3
:107430000020FBF7E3FA0746042F09D1002004904F
:10744000FFF7B2FC14224BA198A0FFF7E5FC18E26D
:10745000012F28D1032C01D0022C25D10A2096FB24
:10746000F0FB354850F824205B4694A12846F8F7F5
:1074700063FF00200C210B46C822CDE90051029089
:1074800064215420FCF7DAFBC8223AA191A0FFF74F
:10749000C3FCC82000F010FF642236A12846FFF785
:1074A000F5FC4FF064084DE1012C23D1FFF77CFC83
:1074B000142230A18BA0FFF7AFFC0A2096FBF0FB53
:1074C0001D4850F824205B467CA12846F8F734FF7D
:1074D00000200C210B46C822CDE900510290642106
:1074E0005420FCF7ABFB294681A001F0B3F84FF024
:1074F000640827E1FEE00000F001002024000020E5
:1075000041544B2D45535020574946492D41502059
:10751000B2E2CAD400000000D5FDD4DAC5E4D6C377
:1075200041544B2D455350C4A3BFE92CC7EBC9D4DC
:10753000B5C82E2E2E000000FC010020D401002032
:10754000574946492D415020D4B6B6CB554450201A
:107550004950C9E8D6C3000041542B434950535405
:107560004152543D22554450222C222573222C2571
:10757000730000004F4B000041542B4349504D55C0
:10758000583D3000574946492D415020D4B6B6CB1E
:107590004950C9E8D6C3000041542B4349505354C5
:1075A0004152543D22544350222C222573222C2533
:1075B00073000000574B5F55503AB7B5BBD8D6D8CB
:1075C000D1A1000041544B2D45535020C1ACBDD337
:1075D00054435020536572766572CAA7B0DC000030
:1075E00041542B4349504D4F44453D31000000006C
:1075F00041542B4349504D55583D310041542B4384
:1076000049505345525645523D312C2573000000D8
:10761000C5E4D6C341544B2D455350C4A3BFE9B371
:10762000C9B9A62100000000574B5F55503ACDCB99
:10763000B3F6B2E2CAD420204B4559303AB7A2CBB8
:10764000CDCAFDBEDD0000004950B5D8D6B73A25F9
:107650007320B6CBBFDA3A2573000000D7B4CCACA8
:107660003A000000C4A3CABD3A000000B7A2CBCDC7
:10767000CAFDBEDD3A000000BDD3CAD5CAFDBEDDDD
:107680003A000000EC010020E8010020E4010020A5
:10769000C7EBD3C3C9E8B1B8C1ACBDD3574946495C
:1076A000C8C8B5E33A0000007200002041542B43E3
:1076B00049504D4F44453D300000000041544B2D92
:1076C000383236362573B2E2CAD4253032640D0A18
:1076D0000000000041542B43495053454E443D3275
:1076E0003500000041542B43495053454E4400009F
:1076F000257300000A2096FBF0FB664850F8242012
:107700005B46AFF248012846F8F716FE00200C2130
:107710000B46C822CDE90051029064215420FCF7A9
:107720008DFAC822AFF2B4115BA0FFF775FBC82039
:1077300000F0C2FD6422AFF2C4112846FFF7A6FB99
:107740004FF06408B8F1000F03D0A8F1010000F079
:10775000FF08B8F1010F08D14FF6FF707023EF2238
:10776000642100905420FBF775FB701C86B2052045
:1077700000F0A2FD4C48008800F4004000284BD0E7
:1077800049480088C0F30E090020484901F8090063
:10779000AFF2A400F8F7C4FD4A4645A12846F8F721
:1077A000CBFD4FF6FF708223EF227321009054200F
:1077B000FBF750FB4FF61F004249088000200C21C8
:1077C0000B469C22CDE90051029073215420FCF716
:1077D00035FA1F203B4908804FF6FF7040F23F13F7
:1077E000EF22822100901E20FBF734FB00200C21A9
:1077F0002E4ABE23CDE900210290B42282211E2010
:10780000FCF71CFA002028490880BAF12B0F02D09F
:107810004FF47A7600E00026B6F57A7F1FD1FEF7A6
:10782000B1FA8246BAF12B0F0CD100200C2126A20E
:107830000B46CDE900210290C82250213C20FCF7E4
:10784000FDF90BE000200C2122A20B46CDE900211E
:107850000290C82250213C20FCF7F0F900261420A9
:1078600096FBF0F100FB116038B91D48006808B9BB
:10787000012000E000201A4908600120FEF74AFAC2
:10788000D6E500BF2946002000F08AFE049809B022
:10789000BDE8F08FFC01002041542B434950534573
:1078A0004E443D302C32350072000020F805002097
:1078B000CAD5B5BD2564D7D6BDDA2CC4DAC8DDC8B3
:1078C000E7CFC20024000020C1ACBDD3B3C9B9A624
:1078D00000000000C1ACBDD3CAA7B0DC00000000AE
:1078E000948121422DE9FE4305460C4616461F466B
:1078F000DDE90A894FF478403449088000200C21E2
:107900000B46F022CDE90061029021462846FCF7A3
:1079100095F900200C212EA2CDE90021029004F15E
:10792000140081B20C23F0222846FCF787F90020CE
:107930000C2129A2CDE90021029004F1240081B29A
:107940000C23F0222846FCF779F900200C2125A20F
:10795000CDE90021029004F1340081B20C23F02221
:107960002846FCF76BF91F201849088000200C21DD
:1079700004F11402CDE90071029091B205F11E02EA
:1079800090B20C23F022FCF759F900200C2104F1ED
:107990002402CDE90081029091B205F1360290B245
:1079A0000C23F022FCF74AF900200C2104F13402E8
:1079B000CDE90091029091B205F11E0290B20C2324
:1079C000F022FCF73BF9BDE8FE8300002400002014
:1079D000535349443A000000BCD3C3DCB7BDCABD11
:1079E0003A000000C3DCC2EB3A0000002DE9F04F82
:1079F00087B0002740F2E7354FF0000A4FF000084B
:107A00004FF000092021002000F0DCFD0446322266
:107A1000FCA1FDA0FFF700FA1422FAA1FDA0FFF7D8
:107A2000FBF9681C00F048FC681C00F045FC681C71
:107A300000F042FC681C00F03FFCF8480368F8487E
:107A4000F8A102682046F8F777FC00BF4FF4967261
:107A5000F9A12046FFF7E0F90028F7D100BFF94867
:107A60001E2102683220FFF76BF8F74909780843B6
:107A7000F54908700846007800F00200002848D058
:107A80004FF6FF70FBF71EF84FF47840EF4908807F
:107A9000F0201023EEA21E2100900020FCF730F908
:107AA00000200C21F0A21023CDE900210290C82271
:107AB00032211E20FCF7C2F8F348E34A127850F84E
:107AC000221003ABF1480268F1A0FEF7C5FA00B13D
:107AD000C5E7EE4803AAF4A103682046F8F72CFC9A
:107AE000C82000F0E9FB1422C6A1F6A0FFF794F924
:107AF000C82000F0E1FB4FF6FF70FAF7E3FF00BF8C
:107B00004FF4FA72BFA12046FFF786F90028F7D19B
:107B100093E0CD48007800F00100002861D04FF6D6
:107B2000FF70FAF7CFFF4FF47840C8490880F02083
:107B30001023C7A21E2100900020FCF7E1F80020CE
:107B40000C21C9A21023CDE900210290C8223221C4
:107B50001E20FCF773F8CC48BB4A127850F822106C
:107B600003ABCA480268DAA0FEF776FA00B176E7FE
:107B70001422A4A1D3A0FFF74FF9C44803AAD9A1A6
:107B800003682046F8F7D8FB1EE04FF6FF70FAF7BF
:107B900099FF4FF47840AD490880F0201023D8A217
:107BA000282100900020FCF7ABF8F0200C23D8A28D
:107BB000502100900020FCF7A3F80020FAF71EFFE8
:107BC0000646042E00D14AE7C8228EA12046FFF7C0
:107BD00023F90028D9D1C8228AA1D4A0FFF71CF923
:107BE0002BE04FF6FF70FAF76DFF4FF4784097499E
:107BF0000880F020102396A21E2100900020FCF7A0
:107C00007FF800200C2198A21023CDE900210290DA
:107C1000C82232211E20FCF711F8142279A1C7A036
:107C2000FFF7FAF89948C8A102682046F8F784FBE4
:107C3000322274A12046FFF7EFF84FF6FF70FAF7F3
:107C400041FF4FF4784081490880F020102380A242
:107C50001E2100900020FCF753F800200C2182A286
:107C60001023CDE900210290C82232211E20FBF70B
:107C7000E5FF4FF6FF703E23EF22322100901E20D9
:107C8000FBF7E8F800200C21B4A21023CDE9002175
:107C90000290C82232211E20FBF7D0FF4FF6FF7062
:107CA0005C23EF22502100901E20FBF7D3F803A89D
:107CB000FEF7A8F9754803AAB0A103682046F8F7B3
:107CC0003BFB00200C210B46C822CDE9004102906D
:107CD00041211E20FBF7B2FF00200C21ACA20B4675
:107CE000CDE900210290C82250211E20FBF7A6FFFB
:107CF00000200C21A8A20B46CDE900210290C82249
:107D000050217820FBF79AFF00200C21A4A20B46FB
:107D1000CDE900210290C82264211E20FBF78EFFCE
:107D200000200C21A1A20B46CDE900210290C8221F
:107D300073211E20FBF782FF384800689E490968BE
:107D4000CDE9001036489DA2B42103681E20FFF73C
:107D5000C9FD1F203D49088000210C224A483A4BAA
:107D60001B7850F823001346CDE901210090C8226A
:107D700050219620FBF762FF00209649088032E2EE
:107D80000020FAF73BFE0646042E09D14FF0000A08
:107D9000FFF70AF814221BA18FA0FFF73DF823E29A
:107DA000012E2DD128480078032803D026480078DA
:107DB000022826D10A2095FBF0FB33482249097896
:107DC00050F821205B4688A12046F8F7B5FA00203C
:107DD0000C210B46C822CDE90041029064215420B9
:107DE000FBF72CFFC82207A185A0FFF715F8C820D4
:107DF00000F062FA642203A12046FFF747F86427E7
:107E000059E105E14F4B000041542B43574D4F447E
:107E1000453D310041542B5253540000E0010020F5
:107E2000D801002041542B43574A41503D2225732D
:107E3000222C2225732200005749464920474F54DF
:107E400020495000F00100205902002024000020A9
:107E500041544B2D45535020574946492D535441C9
:107E600020B2E2CAD4000000D5FDD4DAC5E4D6C3FE
:107E700041544B2D455350C4A3BFE92CC7EBC9D483
:107E8000B5C82E2E2E000000FC010020D4010020D9
:107E9000574946492D53544120D4B6B6CB5544508A
:107EA000204950C9E8D6C30041542B43495053548C
:107EB0004152543D22554450222C222573222C2518
:107EC0007300000041542B4349504D55583D30003C
:107ED000574946492D53544120D4B6B6CB4950C9D1
:107EE000E8D6C30041542B43495053544152543DAA
:107EF00022544350222C222573222C25730000008B
:107F0000574B5F55503AB7B5BBD8D6D8D1A1000072
:107F100041544B2D45535020C1ACBDD35443502048
:107F2000536572766572CAA7B0DC000041542B43DA
:107F300049504D4F44453D310000000041542B4312
:107F400049504D55583D310041542B4349505345FC
:107F5000525645523D312C2573000000574B5F555A
:107F6000503ACDCBB3F6B2E2CAD420204B455930BB
:107F70003AB7A2CBCDCAFDBEDD0000004950B5D84E
:107F8000D6B73A257320B6CBBFDA3A257300000086
:107F9000D7B4CCAC3A000000C4A3CABD3A0000007C
:107FA000B7A2CBCDCAFDBEDD3A000000BDD3CAD515
:107FB000CAFDBEDD3A000000DC010020C7EBC9E8C5
:107FC000D6C3C2B7D3C9C6F7CEDECFDFB2CECAFDA5
:107FD000CEAA3A007200002041542B4349504D4F25
:107FE00044453D300000000041544B2D38323636B8
:107FF0002573B2E2CAD4253032640D0A00000000B5
:1080000041542B43495053454E443D323500000006
:108010007A480078012825D1FEF7C6FE1422AFF277
:108020001C2177A0FEF7F8FE0A2095FBF0FB7748AD
:108030007249097850F821205B4675A12046F8F76F
:108040007BF900200C210B46C822CDE900410290AB
:1080500064215420FBF7F2FD214672A000F0FAFAE9
:10806000642728E00A2095FBF0FB684863490978FB
:1080700050F821205B46AFF290012046F8F75CF9FA
:1080800000200C210B46C822CDE90041029064215A
:108090005420FBF7D3FDC822AFF2982162A0FEF76F
:1080A000BBFEC82000F008F96422AFF2A8212046E8
:1080B000FEF7ECFE64270FB1781EC7B2012F08D17E
:1080C0004FF6FF707023EF22642100905420FAF7DE
:1080D000C1FE681C85B20A2000F0EEF85648008800
:1080E00000F4004000284AD053480088C0F30E082E
:1080F0000020524901F808004AA0F8F711F9424659
:108100004FA12046F8F718F94FF6FF708223EF22AF
:10811000732100905420FAF79DFE4FF61F004D4941
:10812000088000200C210B469C22CDE900410290E2
:1081300073215420FBF782FD1F20464908804FF62B
:10814000FF7040F23F13EF22822100901E20FAF7C9
:1081500081FE00200C21394ABE23CDE90021029086
:10816000B42282211E20FBF769FD002032490880DD
:10817000B9F12B0F02D04FF47A7500E00025B5F568
:108180007A7F1FD1FDF7FEFD8146B9F12B0F0CD18F
:1081900000200C2130A20B46CDE900210290C8221C
:1081A00050213C20FBF74AFD0BE000200C212DA2C2
:1081B0000B46CDE900210290C82250213C20FBF75C
:1081C0003DFD0025142095FBF0F100FB115038B95E
:1081D0002748006808B9012000E000202449086011
:1081E0000120FDF797FDCBE500BF2146002000F000
:1081F000D7F9504607B0BDE8F08F000059020020C3
:1082000041542B43495053454E440000FC0100208B
:1082100041544B2D383236362573B2E2CAD4256428
:108220000D0A00002573000041542B43495053456B
:108230004E443D302C32350072000020F8050020FD
:10824000CAD5B5BD2564D7D6BDDA2CC4DAC8DDC819
:10825000E7CFC20024000020C1ACBDD3B3C9B9A68A
:1082600000000000C1ACBDD3CAA7B0DC0000000014
:108270009481214210B56FF00400FBF779FD0A48A4
:1082800000680A49B0FBF1F0094908700846007817
:1082900000EB4001C1EBC0104FF6FF7101EAC000D6
:1082A0000449088010BD00000400002000127A007C
:1082B000180000201A0000200146114A12884A4383
:1082C0004FF0E0235A6100229A611A46126942F087
:1082D00001021A6100BF4FF0E022106900F00102B4
:1082E0001AB100F48032002AF5D04FF0E022126972
:1082F00022F001024FF0E0231A6100229A617047D8
:108300001A0000200146114A12784A434FF0E02338
:108310005A6100229A611A46126942F001021A61FA
:1083200000BF4FF0E022106900F001021AB100F422
:108330008032002AF5D04FF0E022126922F00102CB
:108340004FF0E0231A6100229A6170471800002064
:1083500000BF054A128802F04002002AF9D0C2B2DA
:10836000014B1B1D1A80704700380140FFF782FF48
:108370004FF4A060FBF718F84FF4E13000F092F9E9
:108380004FF4E13000F0DEF9154841684820884795
:10839000FAF716FBFEF7A8FD20E00020FAF72EFB07
:1083A00004461048008800F4004088B10E490FA030
:1083B000F7F7B6FF0C4890F857021149087041F6DC
:1083C0001F4142F20F70FBF75FFD00200549088056
:1083D000022C03D101210B48FBF7D4FDDDE700009F
:1083E000E000002072000020F805002055534152A3
:1083F00054335F52585F4255463D25730D0A0000C5
:1084000000000020000400402DE9F04104460E4623
:108410001548005D38B91448183801682046884767
:108420000120BDE8F081114850F82400B04219D96C
:108430000F4850F82400B6FBF0F10B48083850F80C
:10844000240030F81120002508E0002306480838F1
:1084500050F824004F1920F817306D1C9542F4DBBA
:108460000020DEE70220DCE7A0000020B4C0000806
:10847000ACC0000810B504460C4951F824104A005D
:108480000B4951F82400002100F0B0F8094951F8D7
:1084900024200749083951F82400002100F0A6F8EB
:1084A000012103480830015510BD0000A4C0000898
:1084B00098000020B4C000082DE9F04704460F469C
:1084C0000025A9462348005D20B9224818380168D4
:1084D000204688471FB94FF0FF30BDE8F0871E489F
:1084E00050F82400B7FBF0F61B4850F82400B7FB07
:1084F000F0F100FB117000B1761C184850F8240010
:10850000451E22E01348083850F8240030F81500C2
:1085100010B909F1010901E04FF00009B14513D18B
:108520004FF0000809E00B48083850F8240005EB2C
:10853000080220F8126008F10108B045F3D306489C
:1085400050F824006843C8E76D1E002DDADA4FF0BA
:10855000FF30C2E7A0000020ACC00008A4C00008A3
:1085600010B501460023002207E00B4850F8210017
:1085700030F8120000B15B1C521C084850F8210072
:108580009042F2D864205843044C54F82140B0FB88
:10859000F4F0C0B210BD000098000020A4C0000894
:1085A00070B505460C4604B970BD054850F8250065
:1085B000261A31462846FFF727FF00BFF4E70000E0
:1085C0009000002070B504460E4631462046FFF765
:1085D00073FF0546681C08B9002070BD024850F8BA
:1085E00024002844F9E700009000002030B503463D
:1085F00001E003F8011B1400A2F10102F9D130BD22
:108600000146086870472DE9F04106460F4601F023
:1086100031FC04000D4618BF0120284320F0004023
:10862000C0F17F6000F1E040C00F0ED0301C18BFD9
:108630000120384320F00040C0F17F6000F1E040AD
:10864000C00F04BF0120F8F7A2F820462946BDE874
:10865000F08100000FB438B505A800900F48009ACB
:108660000499F7F74BFE002000900C48F8F726F825
:1086700085B200240DE000BF40210948FCF7DEFD73
:108680000028F9D00548015D0548FCF7A4FE601CF0
:1086900084B2AC42EFDB38BC5DF814FB500800201C
:1086A0000048004010B586B00446012144F20400A1
:1086B000FBF75EF84FF40070ADF8140003208DF85E
:1086C000160018208DF8170005A91C48F9F7E5FCDD
:1086D0004FF48060ADF8140004208DF8170005A950
:1086E0001648F9F7DAFC25208DF8000003208DF8F4
:1086F00001008DF8020001208DF803006846FAF7AA
:108700001BFE01940020ADF80800ADF80A00ADF89A
:108710000C00ADF810000C20ADF80E0001A90848BF
:10872000FCF7E8FD012240F225510548FCF7BDFDAC
:1087300001210348FCF728FD06B010BD00080140E8
:108740000038014010B586B0044601210820FBF72F
:108750000FF801218804FAF7EBFF2A48FCF720FD07
:108760004FF48060ADF8100003208DF8120018203F
:108770008DF8130004A92448F9F78FFC4FF400602A
:10878000ADF8100004208DF8130004A91E48F9F775
:1087900084FC00940020ADF80400ADF80600ADF8AC
:1087A0000800ADF80C000C20ADF80A006946154829
:1087B000FCF7A0FD01211348FCF7E6FC012240F282
:1087C00025511048FCF771FD27208DF81400022078
:1087D0008DF8150003208DF8160001208DF8170084
:1087E00005A8FAF7A9FD41F61F4140F2E730FBF773
:1087F00093FB00200549088000210548FBF7C2FBD8
:1088000006B010BD00480040000C0140720000207E
:108810000014004030B595B0054613AB12AA09A963
:10882000284600F039FA044614B1204615B030BD90
:108830000020149026E0224909689DF8502001EBA1
:10884000C20113AB11AA486801A900F025FA044639
:108850000CB12046EAE709A901A800F0BBFC60B909
:108860009DF844009DF84810884201DD0220DDE7B4
:108870009DF85000124988750AE09DF85000401C90
:10888000C0B214900E48007D9DF850108842D2DC92
:1088900000BF0B48007D9DF85010884201D1042094
:1088A000C4E714A9284600F0D7FA04460CB12046C4
:1088B000BCE79DF85000024948750020B6E700006B
:1088C000E00000202DE9F0419AB09C48847D007DB5
:1088D000A04202DC1AB0BDE8F0819849096801EBBA
:1088E000C40106AB07AA486808A900F0D5F908A991
:1088F00093A0F7F715FD002644E09048008B012176
:10890000B1400840D8B122218FA0F7F709FD3046C9
:1089100000F028FB89492431471839468BA0F7F726
:10892000FFFC222188A0F7F7FBFC304600F01AFB81
:1089300082492431084410A941F8260018E0304645
:1089400000F010FB7D492431085810A941F8260099
:108950007A48C07D30B910A850F826107CA0F7F7EF
:10896000DFFC05E010A850F826107AA0F7F7D8FC35
:108970009DF81C00401EB04202D078A0F7F7D0FC52
:10898000701CC6B29DF81C008642B6DB74A0F7F7D7
:10899000C7FC00F039FB6948407D0B280DD2DFE8A9
:1089A00000F0060D151E27323F4E5F7287006349A7
:1089B000096851F834008047054690E05F4A126824
:1089C00052F8341010988847054688E05B4B1B68C6
:1089D00053F83420DDE91001904705467FE0574FFA
:1089E0003F6857F8343010A807C89847054676E026
:1089F000DFF848C1DCF800C05CF8347010A80FC87C
:108A0000B84705466BE01498DFF830C10090DCF8F9
:108A100000C05CF8347010A80FC8B84705465EE087
:108A2000DDE91401DFF814C1CDE90001DCF800C074
:108A30005CF8347010A80FC8B84705464FE0DDE970
:108A400014121698DFF8F4C0CDE900120290DCF899
:108A500000C05CF8347010A80FC8B84705463EE067
:108A6000DDE91423DDE91610DFF8D0C0CDE90023DD
:108A7000CDE90210DCF800C05CF8347010A80FC813
:108A8000B84705462BE0DDE91523DDE91710CDE9F0
:108A90000123CDE903101498DFF8A0C00090DCF8A2
:108AA00000C05CF8347010A80FC8B847054616E03F
:108AB000DDE91623DDE91810CDE90223CDE9041024
:108AC000DDE91401DFF874C0CDE90001DCF800C075
:108AD0005CF8347010A80FC8B847054600BF00BF47
:108AE00000F050FA9DF8180001280CD11348C07D01
:108AF00020B929461BA0F7F713FC07E029461BA065
:108B0000F7F70EFC02E018A0F7F70AFC0B4890F804
:108B1000EC0088B10948D0F8F0000A21B0FBF1F26E
:108B200001FB12070548D0F8F000B0FBF1F83A4617
:108B3000414611A0F7F7F4FB00BFCBE6E0000020B0
:108B40000D0A25732800000025630000257300002E
:108B5000256C750030582558000000002C000000DE
:108B6000290000003D256C753B0D0A003D3058255D
:108B7000583B0D0A0000000046756E6374696F6E05
:108B80002052756E2054696D653A25642E25316436
:108B90006D730D0A00000000F0B503461546002075
:108BA00000220026002455E01F782C2F01D104B9A3
:108BB00001221F78292F01D01F780FB904B94AE08C
:108BC000002E34D11F78302F02DB1F78392F11DDB2
:108BD0001F78612F02DB1F78662F0BDD1F78412F76
:108BE00002DB1F78462F05DD1F78582F02D01F7833
:108BF000782F0CD102B12EE01F78612F03DB1F7894
:108C0000203F0F7001E01F780F70491C1FE01F7894
:108C1000222F04D102B11EE00126012417E01F78A3
:108C2000202F14D01F782C2F11D0FF2613E01F788F
:108C3000222F00D1002402B10DE044B11F785C2F37
:108C400002D15B1C471CF8B21F780F70491C471CEF
:108C5000F8B25B1CA8E700BF00270F702E70F0BDB4
:108C600010B50446002010700BE020780870641CDA
:108C7000491C1078401C10701078984201DB0120CC
:108C800010BD2078202802D020780028EDD10020C7
:108C9000087000BFF4E700002DE9FF4F85B0804663
:108CA00089460027002004900390012002904FF095
:108CB000000B002544461DE02078202816D005F042
:108CC0007F00052812DA0DB945F0800505F07F0018
:108CD000042803D120782A2800D00EE0207805F05F
:108CE0007F010DF80100681CC5B202E0852D00D19E
:108CF00003E0641C20780028DED100BF8DB1002085
:108D000005F07F010DF8010051A1684600F062FAFC
:108D100018B900210898017002E00121089801703B
:108D200000254FF0000A444614E0641C0AF10100DB
:108D300000F0FF0A2078202802D020782A2809D1C4
:108D4000204600F0D7F90646282E03D02A2E01D05F
:108D5000CDF810A02078282802D020780028E4D16F
:108D60004446049810B10498401C04444FF0000A93
:108D7000002654E0207810B94FF0010A50E0207826
:108D8000282803D116B9781CC7B213E02078292807
:108D900008D13EB917B1781EC7B201E04FF0010A01
:108DA00047B93DE02078222804D10EB9012000E027
:108DB0000020064647B9207820282FD0207889F84F
:108DC000000009F1010929E020782C2804D10120B4
:108DD0000290681CC5B214E02078202811D02078B9
:108DE00028280ED04DB9BBF1050F06DA20780DF812
:108DF0000B000BF1010000F0FF0B0298401CC0B209
:108E00000290012F0AD10298022807D10298401C33
:108E1000C0B202900398401CC0B20390641CA9E742
:108E200000BF0398012809D100200DF80B0008A10C
:108E3000684600F0CFF908B900200390079903981D
:108E40000870002089F80000504609B0BDE8F08F96
:108E5000766F6964000000002DE9F043B5B0054667
:108E60000F460024002604E000213D488155701C77
:108E7000C6B20A2EF8DB06E06D1C287818B901206E
:108E800035B0BDE8F08328782828F5D16D1C61E065
:108E900034AA69462846FFF77FFE064635449DF80A
:108EA000D00020B1012827D0FF284CD149E09DF8FF
:108EB000000000B333A9684600F027F906460EB15A
:108EC0000220DDE7204600F04DF825490A31339AAB
:108ED0000A50A1F12400008B0121A14088432049C0
:108EE0001A39088304211E480155601CC4B20A2C9B
:108EF00001DD0320C4E726E0684600F087F9401C46
:108F000000F0FF08204600F02DF815490A3100EB6B
:108F100001094946684600F06EF911481A38018B7C
:108F20000120A040014388B20D491A3908830C483A
:108F300000F80480601CC4B20A2C01DD03209FE706
:108F400001E002209CE700BF2878292801D028787A
:108F500000B900E09CE700BF3C70002090E70000F3
:108F6000FA00002002460020002105E0044B5B5C73
:108F70000344D8B24B1CD9B29142F7DB70470000D2
:108F8000FA00002010B501210D48FBF70AF801286E
:108F900008D10C48D0F8F0004FF6FF710844094999
:108FA000C1F8F0000648FAF7F9FF0649D1F8F010C9
:108FB00008440449C1F8F0000846D0F8F00010BD9C
:108FC00000080040E000002010B5044604EBC40097
:108FD00000EB04100122C2EB800081B24FF47A70E2
:108FE000FCF728F801200149C87510BDE0000020F9
:108FF00010B50246012000E050430B00A1F101042E
:10900000E1B2F9D110BD000010B501210848FAF70E
:10901000B3FF4FF6FF710648FAF7E6FF0021044858
:10902000FAF7E4FF00200349C1F8F00010BD00008A
:1090300000080040E000002070B51D48008800F4E2
:109040000040002833D01A480578002019494855B7
:10905000194881681748884704461CB91649C868EA
:10906000804721E0134800F0DDF80546012D00D0CF
:109070002C46CCB1012C06D0022C08D0032C0AD0EF
:10908000042C10D10BE00DA0F7F74AF90BE00EA06D
:10909000F7F746F907E00FA0F7F742F903E010A051
:1090A000F7F73EF900BF00BF00200149088070BDFE
:1090B000200000205C020020E0000020BAAFCAFDC2
:1090C000B4EDCEF3210D0A00B2CECAFDB4EDCEF35D
:1090D000210D0A00B2CECAFDCCABB6E0210D0A00CC
:1090E000CEB4D5D2B5BDC6A5C5E4B5C4BAAFCAFD28
:1090F000210D0A000146491C00E0491C087820287F
:1091000001D10029F9D1087870472DE9F0430746CD
:109110000E4600254FF00A083C46002030601FE054
:109120002078392802DC207830280ADA207846288E
:1091300002DC2078412804DA2078582809D1012D52
:1091400007D12078412801DB4FF01008681CC5B218
:1091500005E0207800B904E00120BDE8F083641C3C
:10916000DEE700BF3C46B8F1100F0FD1032D01DA46
:109170000220F2E72078302806D16078582803D101
:10918000A41CA81EC5B204E00320E6E70DB9042024
:10919000E3E71BE00DB1681EC5B22078392806DC74
:1091A0002078302803DB2078A0F1300902E0207815
:1091B000A0F1370929464046FFF71AFF316809FB3D
:1091C00000103060641C207800B900E0E2E700BFC6
:1091D0000020C2E702460AE010780B78984201D0DE
:1091E00001207047107800B902E0521C491CF3E7D7
:1091F00000BF0020F5E706E002780A70027802B9A5
:1092000002E0401C491CF7E700BF70470146002000
:1092100005E00A7802B903E0421CD0B2491CF8E725
:1092200000BF704710B58CB004461E230BAA03A9DB
:109230002046FFF715FD0090009810B101200CB0FA
:1092400010BD9DF82C00044400200B900EE0404817
:109250009DF82C2050F8221003A8FFF7BBFF00B99F
:1092600008E09DF82C00401CC0B20B909DF82C002B
:109270000728ECD300BF9DF82C00072863D2DFE855
:1092800000F004053C5E6564630000BF31A0F7F7A1
:1092900047F831A0F7F744F83FA0F7F741F84EA0A0
:1092A000F7F73EF85CA0F7F73BF86BA0F7F738F854
:1092B00079A0F7F735F886A0F7F732F88BA0F7F723
:1092C0002FF890A0F7F72CF894A0F7F729F899A0B9
:1092D000F7F726F89EA0F7F723F8A4A0F7F720F8F1
:1092E000B0A0F7F71DF8BDA0F7F71AF8C8A0F7F778
:1092F00017F8D4A0F7F714F89AE216A0F7F710F8C9
:10930000E0A0F7F70DF800200B900EE0ED480068A4
:109310009DF82C2000EBC2004168EBA0F7F700F8A5
:109320009DF82C00401CC0B20B90E648007D9DF8D3
:109330002C108842EADC07A0F6F7F2FF78E205A0DD
:10934000F6F7EEFFC4E171E245E219E2ECE100005C
:10935000A40000200D0A00002D2D2D2D2D2D2D2DCA
:109360002D2D2D2D2D2D2D2D2D2D2D2D2D2D2D2D2D
:1093700055534D4152542056332E312D2D2D2D2D28
:109380002D2D2D2D2D2D2D2D2D2D2D2D2D2D2D2D0D
:109390002D2D2D200D0A00002020202055534D4159
:1093A0005254CAC7D3C9414C49454E54454BBFAA34
:1093B000B7A2B5C4D2BBB8F6C1E9C7C9B5C4B4AE8B
:1093C000BFDAB5F7CAD4BBA5BDBBD7E9BCFE2CCD6F
:1093D000A8B9FD200D0A0000CBFC2CC4E3BFC9D204
:1093E000D4CDA8B9FDB4AEBFDAD6FACAD6B5F7D394
:1093F000C3B3CCD0F2C0EFC3E6B5C4C8CEBACEBAC0
:10940000AFCAFD2CB2A2D6B4D0D02ED2F2B4CB2C9F
:10941000C4E3BFC90D0A0000D2D4CBE6D2E2B8FC47
:10942000B8C4BAAFCAFDB5C4CAE4C8EBB2CECAFD6F
:1094300028D6A7B3D6CAFDD7D62831302F3136BDAE
:10944000F8D6C629A1A2D7D6B7FBB4AEA1A2BAAFAF
:10945000CAFDC8EB0D0A0000BFDAB5D8D6B7B5C84B
:10946000D7F7CEAAB2CECAFD292CB5A5B8F6BAAFA9
:10947000CAFDD7EEB6E0D6A7B3D63130B8F6CAE407
:10948000C8EBB2CECAFD2CB2A2D6A7B3D6BAAFCA29
:10949000FDB7B5200D0A0000BBD8D6B5CFD4CABEE3
:1094A0002ED0C2D4F6B2CECAFDCFD4CABEBDF8D635
:1094B000C6C9E8D6C3B9A6C4DC2CD0C2D4F6BDF860
:1094C000D6C6D7AABBBBB9A6C4DC2E0D0A000000C5
:1094D000BCBCCAF5D6A7B3D63A7777772E6F70653E
:1094E0006E6564762E636F6D0D0A000055534D4115
:1094F0005254D3D037B8F6CFB5CDB3C3FCC1EE3A92
:109500000D0A00003F3A202020202020BBF1C8A1F6
:10951000B0EFD6FAD0C5CFA20D0A000068656C7016
:109520003A202020BBF1C8A1B0EFD6FAD0C5CFA217
:109530000D0A00006C6973743A202020BFC9D3C3A0
:10954000B5C4BAAFCAFDC1D0B1ED0D0A0A00000022
:1095500069643A2020202020BFC9D3C3BAAFCAFD16
:10956000B5C44944C1D0B1ED0D0A0A006865783A26
:1095700020202020B2CECAFD3136BDF8D6C6CFD4C9
:10958000CABE2CBAF3B8FABFD5B8F12BCAFDD7D6EC
:10959000BCB4D6B4D0D0BDF8D6C6D7AABBBB0D0AD2
:1095A0000A0000006465633A20202020B2CECAFD84
:1095B0003130BDF8D6C6CFD4CABE2CBAF3B8FABF84
:1095C000D5B8F12BCAFDD7D6BCB4D6B4D0D0BDF82F
:1095D000D6C6D7AABBBB0D0A0A00000072756E740E
:1095E000696D653A312CBFAAC6F4BAAFCAFDD4CBB7
:1095F000D0D0BCC6CAB13B302CB9D8B1D5BAAFCAED
:10960000FDD4CBD0D0BCC6CAB13B0D0A0A000000C5
:10961000C7EBB0B4D5D5B3CCD0F2B1E0D0B4B8F18B
:10962000CABDCAE4C8EBBAAFCAFDC3FBBCB0B2CE78
:10963000CAFDB2A2D2D4BBD8B3B5BCFCBDE1CAF856
:109640002E0D0A002D2D2D2D2D2D2D2D2D2D2D2DB9
:109650002D2D2D2D2D2D2D2D2D2D2D2D2D2D414C07
:1096600049454E54454B2D2D2D2D2D2D2D2D2D2D78
:109670002D2D2D2D2D2D2D2D2D2D2D2D2D2D2D2027
:109680000D0A00002D2D2D2D2D2D2D2D2D2D2D2DA7
:109690002D2D2D2D2D2D2D2D2D2D2D2D2DBAAFCA4E
:1096A000FDC7E5B5A52D2D2D2D2D2D2D2D2D2D2DC8
:1096B0002D2D2D2D2D2D2D2D2D2D2D2D2D2D2D2DDA
:1096C000200D0A00E000002025730D0A00000000B4
:1096D00059A0F6F725FE00200B901AE066490968AC
:1096E0009DF82C2001EBC20101AB02AA486803A936
:1096F000FFF7D2FA604800689DF82C1050F831202E
:1097000003A95EA0F6F70CFE9DF82C00401CC0B229
:109710000B905948007D9DF82C108842DEDCAFF29A
:10972000CC30F6F7FDFD83E0AFF2D830F6F7F8FD68
:109730000BAA03A92046FFF72FFA9DF82C00C8B901
:10974000694603A8FFF7E1FC0B909DF82C0020B9B7
:109750004FA00099F6F7E4FD0EE09DF82C000428D8
:1097600001D002206BE54DA0F6F7DAFD0120424959
:10977000C87501E0022062E547A0F6F7D1FD57E089
:1097800045A0F6F7CDFD0BAA03A92046FFF704FA82
:109790009DF82C00C8B9694603A8FFF7B6FC0B90EA
:1097A0009DF82C0020B942A00099F6F7B9FD0EE013
:1097B0009DF82C00042801D0022040E53FA0F6F7D8
:1097C000AFFD00202C49C87501E0022037E532A02A
:1097D000F6F7A6FD2CE030A0F6F7A2FD0BAA03A930
:1097E0002046FFF7D9F99DF82C00C8B9694603A8AF
:1097F000FFF78BFC0B909DF82C0078B91E49009860
:1098000081F8EC00084690F8EC0018B130A0F6F7AB
:1098100087FD07E035A0F6F783FD03E002200EE5A3
:1098200002200CE51CA0F6F77BFD01E0012006E517
:1098300000BF002003E500002D2D2D2D2D2D2D2DF9
:109840002D2D2D2D2D2D2D2D2D2D2D2D2D2D2D2D48
:109850002DBAAFCAFD204944202D2D2D2D2D2D2DA3
:109860002D2D2D2D2D2D2D2D2D2D2D2D2D2D2D2D28
:109870002D2D2D2D200D0A00E000002025732069DC
:10988000642069733A0D0A3058253038580D0A00A3
:109890004845583A305825580D0A00003136BDF871
:1098A000D6C6B2CECAFDCFD4CABE210D0A00000072
:1098B0004445433A256C750D0A0000003130BDF86F
:1098C000D6C6B2CECAFDCFD4CABE210D0A00000052
:1098D00052756E2054696D652043616C63756C61CF
:1098E00074696F6E204F4E0D0A00000052756E2095
:1098F00054696D652043616C63756C6174696F6E4A
:10990000204F46460D0A00000160704710B500293F
:109910000AD00878002807D005487844F6F7EEFE0C
:10992000002801D0002010BD0248784410BD00007E
:10993000B22A0000AA2A000010B500290AD008782F
:10994000002807D005487844F6F7D8FE002801D053
:10995000002010BD0248784410BD0000A22A00007B
:109960009A2A000010B591EA030F48BF83F0004324
:1099700000F16E83841A71EB030C05D2121943EBCC
:109980000C03001B61EB0C01DFF824E14FEA1154DA
:10999000A4EB135C1EEA430F18BF9EEA445F73D02A
:1099A00023EA0E03DCF1200E21EA045143F4801374
:1099B00032D322FA0CFE10EB0E0023FA0CFE41EB20
:1099C0000E01CCF1200E03FA0EFE10EB0E0051F149
:1099D0000001B1F5801FCCF1200E32D201EB045111
:1099E00012FA0EF2BDE8104058BF7047401C38BF55
:1099F0005FEA420218BF7047002814BF20F0010040
:109A000041F100014FEA410313F5001F38BF7047D1
:109A1000A1F1C04100F0E6B9012A43EB0302ACF129
:109A2000200CDCF11F0E32BF4FF0000E23FA0CF3B6
:109A300010EB030041EB0451B4EB115FD0D0A1EB6C
:109A4000045101F5801149085FEA300001EB04512F
:109A50000ED350F1000038BF12FA0EFE08D1BDE857
:109A60001040C9E7401C38BF5FEA4202CAD1C3E7D1
:109A7000BDE810404FEA410313F5001F38BF70479F
:109A8000A1F1C04100F0AEB99EEA445F08D011EAEE
:109A90005E0FBDE8104004BF01F000410020704798
:109AA000BDE8104070B500F04FF900BF64FBBE3E4A
:109AB0000000E0FF491058BFC1F140415B1058BFA2
:109AC000C3F140438B42EFF3008070474FEA1153DC
:109AD000A3F58063D3F11E03A8BFD3F1200C08DBEC
:109AE0004FF0004242EAC12252EA505232FA03F0E9
:109AF000704709420BD4102BC4BF0020704703F5F8
:109B0000787CBCF1FF3F05D04FF0FF3070474FF03D
:109B10000000704770B500F017F900BF499224802B
:109B200000207047F0E710F0004248BF4042B0FA12
:109B300080F310FA03F10AD0C3F11D0303F580632B
:109B40004FEA415002EB035202EBD12170474FF034
:109B500000007047B0FA80F310FA03F10AD0C3F1A5
:109B60001D0303F580634FEA41504FEA035202EBB5
:109B7000D12170474FF000007047000051EA030CFC
:109B800017D41CF5801F58BFBCF5801F00F106805C
:109B9000994218BF704708BF9042704707D711F528
:109BA000801F58BF13F5801F19D49942704789420E
:109BB00070471CF5801F08D5BCF5801FF7D58B4278
:109BC00018BF704708BF824270474FF4001C1CEB5F
:109BD000410F38BF1CEB430F01D28B42704770B569
:109BE00000F0B2F8922449004FF000514FF080533A
:109BF000FFF760BFDFF848C170B51CEA111E1EBF39
:109C00001CEA13159EEA0C0F95EA0C0F00F06F800A
:109C100081EA030423EA4C134EEAD47E21EA4C1174
:109C200041F4801143F48013AE44A1FB024CA0FB2D
:109C30000365AEF17F7E361955EB0C05A1FB034C95
:109C40004CF10003A0FB021C16EB0C06654153F11E
:109C50000003094218BF46F0010613F4007F0BD140
:109C60004FEA03314FEA0530340341EA155140EA27
:109C700016506FF003020AE04FEAC3214FEAC520F5
:109C8000F40241EA555140EA56506FF0020202EBED
:109C90002E4201EB025585EACE710AD05FEA440CF0
:109CA00018BF24F0004450F1000041F1000120EA07
:109CB000D47040F2FE7C624500D270BDA84214BF51
:109CC0004FF080444FF04044002E08BF0024BEF106
:109CD000806FA8BFA1F1C041BDE8704080F28280D2
:109CE0004FF0000001F1C04101F0004170479EEAD1
:109CF0000C0F0CEA131518BF95EA0C0F06D04FF0A5
:109D0000000081EA030E0EF0004170BD00F01CF867
:109D10008900013E00F007B800F009B84FEA430C93
:109D20005FEA5C5C08D081EA030100F05BB84FEAAF
:109D3000410C5FEA5C5CF6D14FF0000001497047CE
:109D40000000FF070000F87F0EF1020E2EF0030E58
:109D50005EF8046B364205D4012A43EB030515F582
:109D6000001F12D8012841EB010C1CF5001F0CD874
:109D70000ED14FEAD17C15F5001F0CEB4C0C0CF109
:109D8000020C08BF4CEBD37C04E04FF0080C01E060
:109D90004FEAD37C0CEB4C0526FA05F606F00706D5
:109DA000B6F1040C06D20EEB860CBDE870404CF008
:109DB000010C6047DFE80CF0090B02024FF0004194
:109DC0004FF00000A1F5002170BD19461046012892
:109DD00051EB010418BFD4F5001484BF002001F03A
:109DE000004170BD0808A0F500114FEA310170472D
:109DF00053EA010C17D41CF5801F58BFBCF5801F17
:109E000000F106808B4218BF704708BF824270473E
:109E100007D713F5801F58BF11F5801F19D48B4247
:109E200070479B4270471CF5801F08D5BCF5801F0A
:109E3000F7D5994218BF704708BF904270474FF45A
:109E4000001C1CEB430F38BF1CEB410F01D29942A1
:109E500070470FB40CBC03BCFFF7C1BE91EA030FFF
:109E600010B581F000413FF585AD83F0004300F06F
:109E7000EFB800002DE9F04101F5801CBCF5001F92
:109E8000C0F2C3804FEA115C21EA0C510CF1FD0CC9
:109E900041F480115FEA5C0C0CF5C07C01D34000FA
:109EA00049413DA4890241EA905187028E0E0A0C75
:109EB000A45D04FB04F602FB06F6C6F14046A4FBD3
:109EC0000662F60D46EA422606FB06F4A4FB0123D1
:109ED0005242C3F1404338BF5B1EA6FB024200243E
:109EE000E6FB0324D20B42EA4446A6FB0623A1FB71
:109EF00002E2A3FB07E4A4184FF0000252F10002B3
:109F0000E3FB01426442C2F1404E38BFAEF1010EA4
:109F1000A6FB04234FF00002E6FB0E32A2FB034631
:109F20004FF00004B61954F10004E2FB0264A1FBF7
:109F300006E6A4FB07E816EB08064FF0000858F108
:109F40000008E4FB01687642C8F1405838BFA8F128
:109F50000108A2FB06E4A3FB08E52D194FF000045D
:109F600054F10004E2FB0854A1FB05E6A7FB04E85A
:109F700018EB06084FF0000656F10006E1FB0486D8
:109F800018F1200556F10006A809A8F11B08B1092F
:109F900008F03F08B8F10A0F40EA86601CD901EBCF
:109FA0000C51BDE8F08100BFFCF5EEE8E2DDD8D34E
:109FB000CFCBC7C3C0BDB9B6B4B1AEACA9A7A5A33A
:109FC000A19F9D9B9A9896959392908F8D8C8B894B
:109FD0008887868584838281A0FB006800FB01F26C
:109FE00008EB4208B8EB872807D5341858EB010472
:109FF000D5D5401C51F10001D1E7341A78EB0104AA
:10A00000CDD4401E71F10001C9E75FEA4C0C5FEA54
:10A010009C5C0DD105D34FF0000001F00041BDE87C
:10A02000F081BDE8F04170B5FFF78EFE6DDBFFBE3D
:10A03000BDE8F0414FF00000004970470000F87F94
:10A0400010B591EA030F48BF83F000433FF592AC8F
:10A05000841A71EB030C07D212198CF0004C43EBFD
:10A060000C03001B61EB0C01DFF8A4E14FEA115473
:10A07000A4EB135C1EEA430F18BF9EEA445F00F096
:10A08000B08023EA6E03524221EA0451C3EB6E030F
:10A0900038BF5B1EDCF1200E25D322FA0CFE10EB3C
:10A0A0000E0043FA0CFE41EB0E01CCF1200E03FA38
:10A0B0000EFE10EB0E0051F10001CCF1200E29D460
:10A0C00012FA0EF201EB0451BDE8104058BF704780
:10A0D000401C1CBFB2F1004F704700280CBF491C48
:10A0E00020F00100704712EB020E43EB030218BF91
:10A0F0004FF0010E4EEA4202ACF1200CDCF11E0ED4
:10A1000054D943FA0CFE10EB0E0051F1FF31CCF1A3
:10A110001E0ED5D50EF1010E12FA0EFE404141EB96
:10A12000010101EB445C5FEA5C5C10D910EBDE706E
:10A1300001EB045138BFBEF1004FBDE8104018BF1D
:10A14000704700280CBF491C20F00100704730D236
:10A150004FEAD42C11F5001124F400641BD0B1FA9D
:10A1600081F20B3AA41AA41ED2F12003914030FAD6
:10A1700003F31943904001EBCC71002C01EB045127
:10A18000BDE81040A8BF704701F1C0414FF000008A
:10A1900001F000417047B0FA80F310FA03F100D1EA
:10A1A00010BDE41A173C4805C90AE4E701EB045165
:10A1B00010BD491001EB0451BDE810404FEA3000DA
:10A1C00002E04FF0000170474A0008BF0042F8D09B
:10A1D000B2F5001F28BF704701F000414FF00000AA
:10A1E00070479EEA445F07D011EA5E0FBDE8104059
:10A1F00004BF002100207047BDE8104070B5FFF794
:10A20000A3FD00BF40DFF63E83F0004110467047DB
:10A210000000E0FF43004FEAD30C4FEA3C0C434000
:10A220001FBF40070CF1605113F0FE4F70471CF048
:10A23000006F03D100200CF0004170470CF0004388
:10A2400043EA507010B540EACC0000F01CFA00BFA1
:10A25000000000924FEA0001FFF7C4BD4FF000413B
:10A260004FF00000A1F500217047000090EA010FB7
:10A2700048BF81F0004100F15882421A3CBF801A69
:10A2800089184FEAD0524FF07F4C1CEA410FA2EBE5
:10A29000D15318BF9CEA026F00F03B804FF0004C96
:10A2A0004CEA00204CEA012121FA03FC10EB0C0CD3
:10A2B0001ED202F1FF325FEA1C2040EBC25038BFD1
:10A2C00070471CF07F0F4FEA400C18BFBCF17F4F66
:10A2D00038BF7047C3F12003994008BF20F0010048
:10A2E000BCF17F4F38BF7047A0F1C04000F011BAF9
:10A2F0004FEA3C00000A40EBC25028BF1CF0FF0FA1
:10A300004FEA400CE6D018BFBCF17F4F38BF704712
:10A31000EAE79CEA026F05D010EA5C0F08BF00F084
:10A320000040704710B500F0AEF900BF64FBBE3EC0
:10A330004FF47F0C1CEAD0121EBF1CEAD11392EA24
:10A340000C0F93EA0C0F00F0858090EA010F48BFD4
:10A3500042F4807240F4000C41F400002CF07F4184
:10A3600020F07F4000B58142A2EB03020FF2081CEF
:10A37000ACEB504EC0F100009EF800E04FEA4E0EEC
:10A3800000FB0EFC38BF49004FEA2C1C02F5FA0214
:10A390000CFB0EF34FEACE1E4FEA112C4FEAC121FF
:10A3A0000EEB635E42EB22420EFB0CFC4FEA1C53A9
:10A3B00000FB03114FEA112C4FEA01310EFB0CFC9C
:10A3C0004FEADC4C00FB0C11C14228BF09184CEBD2
:10A3D00003335DF804EB10EB410143EBC250B2F5DF
:10A3E0007C0F38BF704729D512F0F00F1CBF00F169
:10A3F000C04000F0004070470081828384858687DA
:10A4000088898B8C8D8E8F919293959697999A9C33
:10A410009D9FA0A2A3A5A7A8AAACAEB0B2B3B5B7A2
:10A42000B9BCBEC0C2C5C7C9CCCED1D4D7D9DCDF78
:10A43000E2E6E9ECF0F3F7FAFE0000004FEA400C28
:10A440000CF1807CBCF17E4F28BF7047B0F1C0405A
:10A4500000F05FB990EA010F0CEAD11348BF42F453
:10A460008072624538BF634507D213F47F0F16D060
:10A4700080EA010000F00040704710B500F003F9D9
:10A48000097EFC3E00F005B880EA010000F00040C3
:10A49000704780EA010000F0004000F03AB912F481
:10A4A0007F0F04BF0248704780EA010000F031B915
:10A4B0000000C07F41000B0ED3F19E0208D950F47A
:10A4C00000034FEA032323FA02F048BF40427047DB
:10A4D00010B500F0D8F800BF4992248000207047E2
:10A4E0006FF0004282EA200070470000C10DD1F1F8
:10A4F0009E0206DB4FEA002343F0004323FA02F0FA
:10A500007047004207D54FEA4001B1F1FE4F02D239
:10A510004FF00000704710B500F0B5F84992248064
:10A52000002070476FEA20007047000010F00041E3
:10A5300048BF4042B0FA80F310FA03F2C3F19D0322
:10A540000BD051EAC35101EB1220530638BF7047BC
:10A5500000F1010008BF20F001007047B0FA80F35D
:10A5600010FA03F2C3F19D030AD0D90501EB1220C2
:10A57000530638BF704700F1010008BF20F001000A
:10A58000704700004FF47F0C1CEAD0121EBF1CEA7B
:10A59000D11392EA0C0F93EA0C0F00F0478090EA77
:10A5A000010F48BF42F480724FF0004C4CEA00208B
:10A5B0004CEA012102EB0302A0FB0113A2F5000209
:10A5C000002918BF43F001035B0028BF4FEA3303A3
:10A5D00042EB22425FEA132C4CEBC2502EBFBCEB85
:10A5E000436FB2F57C0F70474FEA036CBCF1004F2C
:10A5F00008BF20F00100B2F57C0F38BF70470BD5C3
:10A6000082F0FF0212F5803FC8BF704700F1C040E2
:10A61000D8BF00F00040704700F5000C5FEA4C0C1A
:10A6200048BF7047B0F1C04000F073B890EA010F26
:10A630000CEAD11348BF42F48072624538BF6345CB
:10A6400004D280EA010000F00040704710B500F02D
:10A650001AF800BF8900013E00F007B800F009B801
:10A660005FEA410C5FEA1C6C08D080EA010000F050
:10A6700050B85FEA400C5FEA1C6CF6D14FF0004026
:10A68000A0F5800070470EF1020E2EF0030E5EF86A
:10A69000044B244204D44FEA4102B2F17F4F11D857
:10A6A0004FEA4003B3F17F4F0CD80ED14FEAD07C74
:10A6B000B2F17F4F0CEB4C0C0CF1020C08BF4CEBD1
:10A6C000D17C04E04FF0080C01E04FEAD17C0CEBA8
:10A6D0004C0324FA03F404F00704B4F1040C06D28A
:10A6E0000EEB840CBDE810404CF0010C6047DFE835
:10A6F0000CF0070802024FF00040A0F5800010BDEA
:10A700000846420018BFD2F1807288BF00F00040B6
:10A7100010BDFF2141EAD050C005704790EA010FFB
:10A7200048BF81F000413FF5A8AD421A04D882F03D
:10A730000042A0EB020011444FEAD0524FF07F4C90
:10A740001CEA410FA2EBD15318BF9CEA026F4AD01A
:10A750004FF0004C4CEA00204CEA012121FA03FCA6
:10A76000B0EB0C0C0FD412F0FE0F36D05FEA4C00A9
:10A770001DD5001240EBC25038BF70471CF03F0F90
:10A7800018BF70470BE0A2F101025FEA1C2040EB0A
:10A79000C25038BF70471CF07F0F18BF7047C3F11D
:10A7A0002003994014BF401E20F00100704780082C
:10A7B0004FEA122308BF7047B0FA80FCA2EB0C02EC
:10A7C000CCF1280C60FA0CF093EA122F04BF00EBD6
:10A7D000C25070474FEAC3707047130A5FEADC103B
:10A7E00008BF7047F6E79CEA026F04D010EA5C0FDE
:10A7F00008BF0020704710B5FFF745FF40DFF63E69
:10A8000081F000407047F6F781BA000000000000B8
:10A81000000000000000000000003F4000000000B9
:10A82000000000003000400030004000000009003F
:10A830000BC03D000BC03D00090018C024407FE064
:10A84000224031800000180024C01B000D803240DF
:10A85000018003801C4027401C80074000401000FE
:10A860006000000000000000000000000000000088
:10A870001F80204040200000402020401F8000001A
:10A880000000090006001F80060009000000040007
:10A8900004003F800400040000000010006000007D
:10A8A0000000000000000400040004000400040094
:10A8B0000000000000400000000000000000002038
:10A8C00001C006003800400000001F8020402040EA
:10A8D00020401F800000000010403FC000400000EA
:10A8E000000018C021402240244018400000108081
:10A8F0002040244024401B80000002000D00110075
:10A900003FC0014000003C8024402440244023807C
:10A9100000001F80244024403440038000003000A9
:10A92000200027C03800200000001B802440244065
:10A9300024401B8000001C0022C0224022401F80B7
:10A9400000000000000008400000000000000000BF
:10A9500000000460000000000000000004000A0085
:10A960001100208040400900090009000900090089
:10A97000000000004040208011000A000400180080
:10A98000200023402400180000001F8020402740A2
:10A9900029401F400000004007C039000F0001C0DF
:10A9A000004020403FC0244024401B8000001F8006
:10A9B0002040204020403080000020403FC0204008
:10A9C00020401F80000020403FC024402E4030C067
:10A9D000000020403FC024402E00300000000F0047
:10A9E0001080204022403380020020403FC00400FD
:10A9F00004003FC02040204020403FC02040204075
:10AA000000000060202020203FC0200020002040C7
:10AA10003FC024400B0030C0204020403FC02040B9
:10AA20000040004000C03FC03C0003C03C003FC0AD
:10AA3000000020403FC00C4023003FC020001F808A
:10AA40002040204020401F80000020403FC0244084
:10AA50002400180000001F802140214020E01FA09A
:10AA6000000020403FC02440260019C0004018C00C
:10AA700024402440224031800000300020403FC06C
:10AA800020403000000020003F80004000403F8018
:10AA9000200020003E0001C00700380020003800E0
:10AAA00007C03C0007C038000000204039C0060045
:10AAB00039C0204000002000384007C03840200046
:10AAC0000000304021C02640384020C00000000077
:10AAD00000007FE0402040200000000070000C00DB
:10AAE0000380004000000000402040207FE0000084
:10AAF00000000000200040002000000000000010C6
:10AB000000100010001000100010000000004000B5
:10AB1000000000000000000002800540054003C066
:10AB2000004020003FC004400440038000000000BB
:10AB300003800440044006400000000003800440FD
:10AB400024403FC000400000038005400540034012
:10AB50000000000004401FC02440244020000000EA
:10AB600002E0055005500650042020403FC004403C
:10AB7000040003C000400000044027C00040000063
:10AB8000000000100010041027E00000000020402A
:10AB90003FC00140070004C00440204020403FC0A7
:10ABA00000400040000007C0040007C0040003C0CC
:10ABB0000000044007C00440040003C0004000003F
:10ABC00003800440044003800000041007F0045098
:10ABD000044003800000000003800440045007F09C
:10ABE0000010044007C00240040004000000000000
:10ABF00006400540054004C00000000004001F801E
:10AC0000044000400000040007800040044007C0EA
:10AC100000400400070004C0018006000400060094
:10AC200001C0070001C006000000044006C001008A
:10AC300006C0044000000410071004E00180060074
:10AC400004000000044005C006400440000000006D
:10AC5000000004007BE04020000000000000000035
:10AC6000FFF000000000000040207BE00400000036
:10AC70000000400080004000200020004000000054
:10AC800000000000000000000000000000000000C4
:10AC9000000000001FCC000C0000000000000000BD
:10ACA0000800300060000800300060000000022052
:10ACB00003FC1E20022003FC1E20022000000000D6
:10ACC0000E1811043FFF10840C78000000000F00E4
:10ACD00010840F3800C007781884007800000078CE
:10ACE0000F8410C411240E9800E4008400080800AA
:10ACF000680070000000000000000000000000007C
:10AD00000000000007E018182004400200000000C6
:10AD100040022004181807E0000000000000024074
:10AD2000024001800FF001800240024000000080DC
:10AD3000008000800FF8008000800080000000018B
:10AD4000000D000E000000000000000000000000E8
:10AD50000080008000800080008000800080000073
:10AD6000000C000C000000000000000000000000CB
:10AD70000006001800600180060018002000000096
:10AD800007F0080810041004080807F0000000008D
:10AD9000080408041FFC0004000400000000000078
:10ADA0000E0C10141024104411840E0C000000002E
:10ADB0000C1810041104110412880C70000000001B
:10ADC00000E00320042408241FFC002400000000ED
:10ADD0001F981084110411041088107000000000E6
:10ADE00007F00888110411041888007000000000A2
:10ADF0001C00100010FC13001C00100000000000DC
:10AE00000E3811441084108411440E3800000000E4
:10AE10000700088C10441044088807F00000000068
:10AE200000000000030C030C000000000000000004
:10AE3000000000010106000000000000000000000A
:10AE400000800140022004100808100400000220C5
:10AE50000220022002200220022002200000000026
:10AE600010040808041002200140008000000000C7
:10AE70000E001200100C106C10800F00000003E098
:10AE80000C1813E4142417C4082807D00000000489
:10AE9000003C03C41C40074000E4001C00041004F4
:10AEA0001FFC1104110411040E880070000003E05F
:10AEB0000C1810041004100410081C1000001004DA
:10AEC0001FFC100410041004080807F00000100410
:10AED0001FFC1104110417C410040818000010040A
:10AEE0001FFC1104110017C010000800000003E04F
:10AEF0000C181004100410441C78004000001004CA
:10AF00001FFC10840080008010841FFC10040000CF
:10AF1000100410041FFC10041004000000000003C3
:10AF20000001100110011FFE1000100000001004AD
:10AF30001FFC110403801464181C1004000010048A
:10AF40001FFC1004000400040004000C00001004A6
:10AF50001FFC1F0000FC1F001FFC10040000100459
:10AF60001FFC0C04030000E010181FFC100007F089
:10AF70000808100410041004080807F0000010046A
:10AF80001FFC10841080108010800F00000007F05C
:10AF9000081810241024101C080A07F200001004DE
:10AFA0001FFC1104110011C011300E0C0004000030
:10AFB0000E1C11041084108410441C38000018006A
:10AFC000100010041FFC10041000180000001000F6
:10AFD0001FF810040004000410041FF810001000F3
:10AFE0001E0011E0001C007013801C0010001FC028
:10AFF000103C00E01F0000E0103C1FC000001004E7
:10B00000180C163401C001C01634180C10041000BE
:10B010001C00130400FC13041C00100000000804B2
:10B02000101C1064108413041C041018000000008D
:10B03000000000007FFE40024002400200000000CD
:10B0400030000C0003800060001C000300000000C2
:10B050004002400240027FFE0000000000000000AD
:10B0600000002000400040004000200000000001DF
:10B0700000010001000100010001000100010000C9
:10B080004000400020000000000000000000000020
:10B090000098012401440144014400FC0004100014
:10B0A0001FFC0088010401040088007000000000FB
:10B0B0000070008801040104010400880000000001
:10B0C000007000880104010411081FFC0004000046
:10B0D00000F8014401440144014400C8000000009C
:10B0E000010401040FFC11041104110018000000F8
:10B0F00000D601290129012901C901060000100417
:10B100001FFC008401000100010400FC0004000099
:10B110000104190419FC00040004000000000000F0
:10B12000000300010101190119FE000000001004D4
:10B130001FFC0024004001B4010C010400000000C9
:10B14000100410041FFC00040004000000000104AF
:10B1500001FC0104010001FC0104010000FC0104E8
:10B1600001FC008401000100010400FC0004000057
:10B1700000F8010401040104010400F800000101C9
:10B1800001FF008501040104008800700000000038
:10B190000070008801040104010501FF00010104A1
:10B1A000010401FC00840104010001800000000092
:10B1B00000CC012401240124012401980000000096
:10B1C0000100010007F80104010400000000010073
:10B1D00001F8000400040004010801FC000401005F
:10B1E00001800170000C001001600180010001F07D
:10B1F000010C003001C00030010C01F00100000022
:10B200000104018C00740170018C01040000010133
:10B2100001810171000E0018016001800100000031
:10B220000184010C013401440184010C0000000080
:10B2300000000000000001003EFC4002400200004F
:10B24000000000000000FFFF000000000000000000
:10B25000400240023EFC010000000000000000002F
:10B2600060008000800040004000200020000000BE
:10B2700000000000000000000000000000000000CE
:10B2800000000000000000000000000000000000BE
:10B2900000000000000000000000000000000000AE
:10B2A000000F80380FFE380F8038000000000000CB
:10B2B0000000000000000000000000000100000687
:10B2C00000000C00003800003100000600000C00F7
:10B2D0000038000030000000000000000000618025
:10B2E0000067F807F98000618000618000618000DC
:10B2F00061800067F807F9800061800000000000AD
:10B300000000000001C0E003E0F006300804180867
:10B310001FFFFE040E080787F00381E00000000015
:10B32000000001F000060C00040408060C7001F98E
:10B33000C0000E00003BE000EC18070808040C18E1
:10B340000003E00000000001E00007F003F818042B
:10B350001C0804170807E1D003C0E00023B0003C3C
:10B36000080020080000100000000000000100009C
:10B370003100003200001C0000000000000000004E
:10B3800000000000000000000000000000000000BD
:10B3900000000000000000000000000000007F002E
:10B3A00001FFC00780F00C0018100004200002000C
:10B3B00000000000002000021000040C00180780AC
:10B3C000F001FFC0007F000000000000000000004E
:10B3D00000000000000000000000420000660000C5
:10B3E0006600003C0000180003FFC0001800003C8D
:10B3F0000000660000660000420000000000080037
:10B4000000080000080000080000080001FFC0005C
:10B410000800000800000800000800000800000004
:10B420000000000100003100003200001C0000009C
:10B43000000000000000000000000000000000000C
:10B4400000000000000008000008000008000008DC
:10B4500000000800000800000800000800000800C4
:10B46000000800000000000000000000000038009C
:10B47000003800003800000000000000000000005C
:10B4800000000000000000000000000000000006B6
:10B4900000001C000070000180000E000038000059
:10B4A000C0000700001C0000300000000000000089
:10B4B00000007F8001FFE003807006001804000890
:10B4C00004000806001803807001FFE0007F800080
:10B4D0000000000000000000010008010008010059
:10B4E0000803FFF807FFF800000800000800000844
:10B4F00000000000000000000001C03802C0580435
:10B500000098040118040218040418061C1803F813
:10B510001801E0F800000000000000000001C0E099
:10B5200003C0F0040008040808040808061808030B
:10B53000F41801E7F00001E0000000000000000046
:10B5400000000300000D00001100006100008108F0
:10B5500003010807FFF80FFFF800010800010800C9
:10B5600000000000000000E007FCD00608080610FC
:10B5700008061008061008061838060FF00607C05F
:10B58000000000000000000000003F8001FFE00319
:10B590008430020818041008041008041008071862
:10B5A00010030FF00007C0000000000000000000C2
:10B5B00003C0000700000600000600F80607F806B2
:10B5C000180006E000070000060000000000000070
:10B5D0000001E1E003F7F00634100418080418082D
:10B5E000040C08040C0806161803F3F001C1E0006F
:10B5F000000000000000F80003FC300306380402DD
:10B60000080402080402080404100308F001FFC043
:10B61000007F0000000000000000000000000000AB
:10B620000000000000007038007038007038000022
:10B63000000000000000000000000000000000000A
:10B6400000000000000000000000301A00301C0064
:10B6500000000000000000000000000000000000EA
:10B66000000000000008000014000022000041005B
:10B670000080800100400200200400100800080043
:10B680000000000000002100002100002100002136
:10B690000000210000210000210000210000210005
:10B6A0000021000000000000000000000800080465
:10B6B00000100200200100400080800041000022B4
:10B6C0000000140000080000000000000003C0009B
:10B6D00004C000040000080038080F3808083808C3
:10B6E00010000C300007E00003C000000000000064
:10B6F00000003F8000FFE0038070020F100670889A
:10B7000004C088048308047F8802C09003012000DD
:10B71000FE400000080000180001F8003E0801C2C9
:10B720000007020007E20000FE00001FC80001F849
:10B7300000003800000804000807FFF807FFF804BD
:10B74000080804080804080804080806180803F490
:10B750001801E7F00001E0000000000000003F8059
:10B7600001FFE003807002001804000804000804D0
:10B7700000080400100600200780C000000004003C
:10B780000807FFF807FFF804000804000804000891
:10B7900004001802001003807001FFE0007F8000A9
:10B7A000000004000807FFF807FFF8040808040871
:10B7B00008040808040808043E08040008060018E5
:10B7C00001006000000004000807FFF807FFF8040C
:10B7D0000808040800040800040800043E000600ED
:10B7E00000060000018000000000000000003F8013
:10B7F00001FFE0038070060018040008040208043A
:10B8000002080203F00783F00002000002000400B7
:10B810000807FFF807FFF804080800080000080000
:10B8200000080000080004080807FFF807FFF804F4
:10B8300000080000000000000400080400080400E4
:10B840000807FFF807FFF8040008040008040008D0
:10B8500000000000000000000000000600000700DB
:10B86000000104000104000104000307FFFE07FFBC
:10B87000FC04000004000004000004000807FFF8B6
:10B8800007FFF8040C08001800003E0004C78005FC
:10B8900003C80600F804003804001800000804007B
:10B8A0000807FFF807FFF804000800000800000878
:10B8B00000000800000800000800001800006000F8
:10B8C000000004000807FFF807800807FC00007F5D
:10B8D000C00003F80007C000780007800807FFF8E1
:10B8E00007FFF804000804000807FFF80700080332
:10B8F000C00000E000003800001E0000070000014A
:10B90000C00400F007FFF8040000000000007F8082
:10B9100001FFE00380700600180400080400080618
:10B92000001803003001FFE0007F800000000400E9
:10B930000807FFF807FFF8040408040400040400E3
:10B94000040400040400060C0003F80001F00000E9
:10B950000000000000007F8001FFE003807006000F
:10B96000880400880400C806003C03003E01FFE68E
:10B97000007F8400000004000807FFF807FFF804B8
:10B980000808040800040C00040F00040BC0061093
:10B99000F003F03801E00800000800000001E0F8C2
:10B9A00003F030063010041808041808040C0804CA
:10B9B0000C080206180207F00781E0000000018071
:10B9C0000006000004000004000004000807FFF85F
:10B9D00007FFF8040008040000040000060000014E
:10B9E000800004000007FFE007FFF00400180000DB
:10B9F000080000080000080000080000080400100B
:10BA000007FFE004000004000006000007E0000754
:10BA1000FE00041FE00001F80000380001E0043ED1
:10BA20000007C00006000004000004000007E0005A
:10BA300007FFC0041FF80007C007F80007FF8004D5
:10BA40003FF80007C004F8000700000400000000F1
:10BA50000004000806001807C07805F1C8003E0081
:10BA6000001F800463E80780F8060018040008003F
:10BA7000000004000006000007800007E008047CC6
:10BA800008001FF80007F800180804E00807000085
:10BA90000600000400000000000100080600380451
:10BAA00000F80403E8040F08047C0805F00807C048
:10BAB00008070018040060000000000000000000FB
:10BAC0000000000000000000003FFFFE20000220F8
:10BAD00000022000022000022000020000000000FE
:10BAE0000000000008000007000000C0000038004F
:10BAF0000006000001C000003000000E0000010040
:10BB000000000000000000002000022000022000D1
:10BB1000022000022000023FFFFE000000000000A3
:10BB2000000000000000000000000000000000080D
:10BB30000000100000300000200000300000100065
:10BB400000080000000000000000000001000001EB
:10BB500000000100000100000100000100000100E0
:10BB600000010000010000010000010000010000D0
:10BB70000000000000000020000020000010000075
:10BB800010000000000000000000000000000000A5
:10BB900000000000000000F00019F8001B1800224F
:10BBA00008002608002408002410003FF8001FF8B1
:10BBB00000000800001800000004000007FFF80F54
:10BBC000FFF00018180010080020080020080030BE
:10BBD00018001FF0000FC00000000000000007C0A8
:10BBE000001FF00018300020080020080020080086
:10BBF0003C08001C10000060000000000000000075
:10BC0000000007C0001FF0003818002008002008BE
:10BC100000200804101007FFF80FFFF000001000CC
:10BC200000000000000000000007C0001FF000122C
:10BC300030002218002208002208003208001E10DE
:10BC4000000E20000000000000002000002008007E
:10BC5000200801FFF803FFF806200804200804204C
:10BC60000807200003000000000000000000000E94
:10BC7000000E6E001FF30031B10020B10020B100B2
:10BC80003191001F13002E1E00200E003000000016
:10BC90000004000807FFF80FFFF80010080020005C
:10BCA000002000002008003FF8001FF800000800F6
:10BCB0000000000000000000002008002008002014
:10BCC00008063FF8063FF8000008000008000008DA
:10BCD0000000000000000000000000000000030061
:10BCE0000003002001002001002003063FFE063F64
:10BCF000FC0000000000000000000000000400083C
:10BD000007FFF80FFFF8000188000300002FC000B4
:10BD100038F800203800200800000800000000006B
:10BD20000000000004000804000804000807FFF8F1
:10BD30000FFFF800000800000800000800000000E5
:10BD40000000002008003FF8003FF8001008002025
:10BD500000003FF8003FF8001008002000003FF806
:10BD6000003FF8000008000000002008003FF80035
:10BD70003FF8001008001000002000002008003FDD
:10BD8000F8001FF80000080000000000000007C0D5
:10BD9000000FF000183000300800200800200800D4
:10BDA0003008001830000FF00007C000000000004D
:10BDB00000002001003FFF003FFF0010110020099C
:10BDC000002008002008003038001FF0000FC000DD
:10BDD00000000000000007C0001FF000381800201D
:10BDE00008002008002009001011001FFF003FFF7D
:10BDF00000000100000000200800200800200800CA
:10BE00003FF8003FF8000808001008002008002054
:10BE100000003000003000000000000000000000C2
:10BE2000000C78001E1800330800230800210800C9
:10BE300021880021980030F00038600000000000E8
:10BE40000000200000200000200000FFF003FFF8A9
:10BE5000002008002008002008000030000000003A
:10BE60000000000000002000003FF0007FF800000C
:10BE700018000008000008002010003FF8007FF0C4
:10BE80000000100000000000000020000030000052
:10BE90003C00003F800023F0000078000070002389
:10BEA00080003C00003000002000002000003C002A
:10BEB000003FE00023F80000E0002700003E000003
:10BEC0003FE00021F80001E0003E000020000000FB
:10BED00000002008002008003838003E6800278055
:10BEE0000003C8002CF80038380020180020080093
:10BEF0000000000000002000003003003C01003F73
:10BF0000830023EC000070002380003C0000200030
:10BF100000200000000000000000000000380800C1
:10BF200020380020F80023E8002F88003E08003861
:10BF30000800201800007000000000000000000051
:10BF40000000000000000000000008000014001FB6
:10BF5000F7FC300006200002000000000000000096
:10BF600000000000000000000000000000000000D1
:10BF7000FFFFFF00000000000000000000000000C4
:10BF800000000000000000002000023000061FF743
:10BF9000FC00140000080000000000000000000089
:10BFA00000000000000000000018000060000040D9
:10BFB0000000400000200000100000080000040005
:10BFC000000400000C0000100000030009000F0036
:10BFD00015001B0060E001200305350002081E0863
:10BFE000503C0F050000FF67500000181A1E14890E
:10BFF000280A302EBB0A03000002331D0000000097
:10C000000000003200002A1C5A94C50207000000FC
:10C01000B51F00902800773200623F005250005256
:10C020000000000000000000000000000000000010
:10C03000000000000000000F0F03061042F80F146C
:10C04000000000001A18161412100E0C0A08000046
:10C0500000000000000000000000000000000000E0
:10C06000000029282422201F1E1D0E0C0A08060588
:10C07000040200FF0000000000000000000000FFBC
:10C08000FFFFFFFFFFFFFFFFFFFFFFFF5081588112
:10C0900060816881708100010005001000140018A3
:10C0A00094C1000800050000007800002000000096
:10C0B0002000000000A0000000000F0030313233EB
:10C0C00034353637383941424344454640305800CC
:10C0D00030313233343536373839616263646566FE
:10C0E000403078000400000800000000000000025A
:10C0F000000100001000000000000000000000002F
:10C1000002400000000000A0000000000540000008
:10C11000000000C8000000000C4000000000409C2F
:10C1200000000000194000000020BCBE000000001C
:10C1300034400000BFC91B8E00000004B540000061
:10C14000504BCFD06607E2CF010000006C410000E9
:10C150003E8251AADFEEA73401000000D942000060
:10C16000DCB5A0E23A301F97FFFFFFFFB4450000A7
:10C17000FD25A0C8E9A3C14FFFFFFFFFFF3F00005F
:10C180000000008000000000FF3F00000000008071
:10C1900000000000506C6561736520757365207444
:10C1A0006865207374796C757320636C69636B20A8
:10C1B0007468652063726F7373206F6E2074686596
:10C1C0002073637265656E2E5468652063726F73A9
:10C1D000732077696C6C20616C77617973206D6F67
:10C1E000766520756E74696C20746865207363725F
:10C1F00065656E2061646A7573746D656E7420691F
:10C200007320636F6D706C657465642E00000000B0
:10C210003F000000646563006964000072756E741D
:10C22000696D650068656C70000000006C6973746E
:10C230000000000068657800766F69642061746BA7
:10C240005F726D30345F717569745F7472616E73A3
:10C2500028766F696429000075382061746B5F3837
:10C260003236365F73656E645F636D64287538209F
:10C270002A636D642C7538202A61636B2C75313606
:10C28000207761697474696D65290000766F69644F
:10C290002077726974655F61646472287533322037
:10C2A000616464722C7533322076616C2900000061
:10C2B00075333220726561645F616464722875331E
:10C2C0003220616464722900415026535441C4A352
:10C2D000CABD2000535441C4A3CABD2000000000C1
:10C2E0004150C4A3CABD2000230000002E0000005E
:10C2F000383038300000000030000000310000000D
:10C3000032000000330000004133303400000000F0
:10C31000340000003500000041544B2D4553503887
:10C320003236360033303436363636363600000094
:10C330003700000031323334353637380000000022
:10C340003800000039000000575041325F50534B15
:10C35000000000005750415F574150325F50534B2F
:10C36000000000005750415F50534B0044454C00C3
:10C370004F50454E000000005745500077706177E0
:10C380007061325F616573002055445020C4A3CAB8
:10C39000BD000000544350BFCDBBA7B6CB0000008A
:10C3A000544350B7FECEF1C6F7000000F8C40008B1
:10C3B000000000205C0200006C010008E4C50008D9
:10C3C0005C020020ECB80000C80100081C0000005E
:10C3D00043000000F8FFFFFF0C0000000E0000000B
:10C3E0000F0000002E0000001001000043000000BC
:10C3F000F8FFFFFF00404040404040404040414186
:10C400004141414040404040404040404040404029
:10C4100040404040400502020202020202020202C3
:10C4200002020202022020202020202020202002C0
:10C430000202020202029090909090901010101050
:10C4400010101010101010101010101010101010EC
:10C450000202020202028888888888880808080880
:10C46000080808080808080808080808080808084C
:10C470000202020240000000000000000000000074
:10C4800000000000000000000000000000000000AC
:10C49000000000000000000000000000000000009C
:10C4A000000000000000000000000000000000008C
:10C4B000000000000000000000000000000000007C
:10C4C000000000000000000000000000000000006C
:10C4D000000000000000000000000000000000005C
:10C4E000000000000000000000000000000000004C
:10C4F00000000000000000005184A24A04A00901CD
:10C50000020304060708093201ABFFFF0E8113592D
:10C510004B1408D94E14083D420228088BD090686D
:10C52000696C17020406087584140861851408C034
:10C530000A32202C68C0AA08430F681310C21B08D7
:10C5400024041A2C041A18041A34041A14041A1C89
:10C55000041301861B08B0081309991B088C0813E3
:10C56000196E1B08580813A96D1B08380822C0143F
:10C5700020C98F140815881B08C5041339901A08A0
:10C58000EDA9C701D11AF0F81308C31B087C041ADF
:10C5900024045A180C1A34041AD41C1AE0041AC8B9
:10C5A000041AA0101A94041A88041A70041A780441
:10C5B0001A64041A48041A54041AFC241119081A9B
:10C5C00004041A10041A14041A2C041A30041A4011
:10C5D000041A44041AEC241AF8041AE8041A6C1019
:04C5E000C100000096
:0400000508000131BD
:00000001FF
